en	ja	ko	zh-Hans	zh-Hant	de	es	fr	it	pl	pt	ru	tr
Unused	未使用	미사용	未使用	未使用	Unused	Sin usar	Non utilisé	Inutilizzato	Unused	Não usado	Не используется	Kullanılmıyor
未使用	未使用	미사용	未使用	未使用	未使用	未使用	未使用	未使用	未使用	未使用	未使用	未使用
未使用	未使用	미사용	未使用	未使用	未使用	未使用	未使用	未使用	未使用	未使用	未使用	未使用
未使用	未使用	미사용	未使用	未使用	未使用	未使用	未使用	未使用	未使用	未使用	未使用	未使用
未使用	未使用	미사용	未使用	未使用	未使用	未使用	未使用	未使用	未使用	未使用	未使用	未使用
未使用	未使用	미사용	未使用	未使用	未使用	未使用	未使用	未使用	未使用	未使用	未使用	未使用
未使用	未使用	미사용	未使用	未使用	未使用	未使用	未使用	未使用	未使用	未使用	未使用	未使用
未使用	未使用	미사용	未使用	未使用	未使用	未使用	未使用	未使用	未使用	未使用	未使用	未使用
未使用	未使用	미사용	未使用	未使用	未使用	未使用	未使用	未使用	未使用	未使用	未使用	未使用
未使用	未使用	미사용	未使用	未使用	未使用	未使用	未使用	未使用	未使用	未使用	未使用	未使用
未使用	未使用	미사용	未使用	未使用	未使用	未使用	未使用	未使用	未使用	未使用	未使用	未使用
未使用	未使用	미사용	未使用	未使用	未使用	未使用	未使用	未使用	未使用	未使用	未使用	未使用
未使用	未使用	미사용	未使用	未使用	未使用	未使用	未使用	未使用	未使用	未使用	未使用	未使用
未使用	未使用	미사용	未使用	未使用	未使用	未使用	未使用	未使用	未使用	未使用	未使用	未使用
未使用	未使用	미사용	未使用	未使用	未使用	未使用	未使用	未使用	未使用	未使用	未使用	未使用
未使用	未使用	미사용	未使用	未使用	未使用	未使用	未使用	未使用	未使用	未使用	未使用	未使用
未使用	未使用	미사용	未使用	未使用	未使用	未使用	未使用	未使用	未使用	未使用	未使用	未使用
Lead Medal	鉛のメダル	납 메달	铅制奖牌	鉛製獎牌	Bleimedaille	Medalla de plomo	Médaille de plomb	Medaglia piombo	Ołowiany medal	Medalha de Chumbo	Свинцовая медаль	Kurşun Madalya
Steel Medal	鋼のメダル	강철 메달	钢制奖牌	鋼製獎牌	Stahlmedaille	Medalla de acero	Médaille d'acier	Medaglia acciaio	Stalowy medal	Medalha de Aço	Стальная медаль	Çelik Madalya
Bronze Medal	ブロンズメダル	브론즈 메달	青铜奖牌	青銅獎牌	Bronzemedaille	Medalla de bronce	Médaille de bronze	Medaglia bronzo	Brązowy medal	Medalha de Bronze	Бронзовая медаль	Bronz Madalya
Silver Medal	シルバーメダル	실버 메달	白银奖牌	白銀獎牌	Silbermedaille	Medalla de plata	Médaille d'argent	Medaglia argento	Srebrny medal	Medalha de Prata	Серебряная медаль	Gümüş Madalya
Gold Medal	ゴールドメダル	골드 메달	黄金奖牌	黃金獎牌	Goldmedaille	Medalla de oro	Médaille d'or	Medaglia oro	Złoty medal	Medalha de Ouro	Золотая медаль	Altın Madalya
Platinum Medal	プラチナメダル	플래티나 메달	白金奖牌	白金獎牌	Platinmedaille	Medalla de platino	Médaille de platine	Medaglia platino	Platynowy medal	Medalha de Platina	Платиновая медаль	Platin Madalya
Bloody Button	血濡れたボタン	피에 젖은 단추	染血的纽扣	染血的鈕扣	Blutiger Knopf	Botón sangriento	Bouton ensanglanté	Bottone sanguigno	Krwawy guzik	Botão Ensanguentado	Окровавленная пуговица	Kanlı Düğme
未使用	未使用	미사용	未使用	未使用	未使用	未使用	未使用	未使用	未使用	未使用	未使用	未使用
Unused	未使用	미사용	未使用	未使用	Unused	Sin usar	Non utilisé	Inutilizzato	Unused	Não usado	Не используется	Kullanılmıyor
Unused	未使用	미사용	未使用	未使用	Unused	Sin usar	Non utilisé	Inutilizzato	Unused	Não usado	Не используется	Kullanılmıyor
未使用	未使用	미사용	未使用	未使用	未使用	未使用	未使用	未使用	未使用	未使用	未使用	未使用
未使用	未使用	미사용	未使用	未使用	未使用	未使用	未使用	未使用	未使用	未使用	未使用	未使用
未使用	未使用	미사용	未使用	未使用	未使用	未使用	未使用	未使用	未使用	未使用	未使用	未使用
未使用	未使用	미사용	未使用	未使用	未使用	未使用	未使用	未使用	未使用	未使用	未使用	未使用
未使用	未使用	미사용	未使用	未使用	未使用	未使用	未使用	未使用	未使用	未使用	未使用	未使用
未使用	未使用	미사용	未使用	未使用	未使用	未使用	未使用	未使用	未使用	未使用	未使用	未使用
Shaft Fragment	回転機軸の破片	회전축 파편	机械转轴的碎片	迴轉軸的碎片	Schaftfragment	Fragmento de eje	Fragment de tige	Frammento di asta	Fragment trzonka	Fragmento de Eixo	Фрагмент трубы	Şaft Parçası
未使用	未使用	미사용	未使用	未使用	未使用	未使用	未使用	未使用	未使用	未使用	未使用	未使用
未使用	未使用	미사용	未使用	未使用	未使用	未使用	未使用	未使用	未使用	未使用	未使用	未使用
未使用	未使用	미사용	未使用	未使用	未使用	未使用	未使用	未使用	未使用	未使用	未使用	未使用
未使用	未使用	미사용	未使用	未使用	未使用	未使用	未使用	未使用	未使用	未使用	未使用	未使用
未使用	未使用	미사용	未使用	未使用	未使用	未使用	未使用	未使用	未使用	未使用	未使用	未使用
未使用	未使用	미사용	未使用	未使用	未使用	未使用	未使用	未使用	未使用	未使用	未使用	未使用
未使用	未使用	미사용	未使用	未使用	未使用	未使用	未使用	未使用	未使用	未使用	未使用	未使用
未使用	未使用	미사용	未使用	未使用	未使用	未使用	未使用	未使用	未使用	未使用	未使用	未使用
Worldly Coin	世俗の金貨	세속의 금화	世俗之金币	世俗金幣	Profane Münze	Moneda mundanal	Pièce du monde	Moneta terrena	Ziemska moneta	Moeda Mundana	Монета мира	Dünyevi Madeni Para
Odd Coin	奇顔の金貨	기안의 금화	奇颜之金币	奇顏金幣	Seltsame Münze	Moneda rara	Pièce étrange	Moneta strana	Dziwna moneta	Moeda Falsa	Странная монета	Tuhaf Madeni Para
Rustic Coin	無骨の金貨	무골의 금화	鄙俗之金币	庸俗金幣	Rostige Münze	Moneda rústica	Pièce rustique	Moneta grezza	Prosta moneta	Moeda Rústica	Простая монета	Gösterişsiz Madeni Para
Sumptuous Coin	豪著の金貨	호사의 금화	奢豪之金币	豪奢金幣	Prachtmünze	Moneda fastuosa	Pièce somptueuse	Moneta sontuosa	Okazała moneta	Moeda Suntuosa	Дорогая монета	Şatafatlı Madeni Para
Scintillating Coin	焦炎の金貨	초염의 금화	焦炎之金币	焦炎金幣	Schillernde Münze	Moneda centelleante	Pièce scintillante	Moneta scintillante	Błyszcząca moneta	Moeda Cintilante	Блестящая монета	Göz Kamaştırıcı Madeni Para
Melancholic Coin	憂鬱の金貨	우울의 금화	忧郁之金币	憂鬱金幣	Melancholiemünze	Moneda melancólica	Pièce mélancolique	Moneta malinconica	Melancholijna moneta	Moeda Melancólica	Скорбная монета	Melankolik Madeni Para
未使用	未使用	미사용	未使用	未使用	未使用	未使用	未使用	未使用	未使用	未使用	未使用	未使用
未使用	未使用	미사용	未使用	未使用	未使用	未使用	未使用	未使用	未使用	未使用	未使用	未使用
未使用	未使用	미사용	未使用	未使用	未使用	未使用	未使用	未使用	未使用	未使用	未使用	未使用
未使用	未使用	미사용	未使用	未使用	未使用	未使用	未使用	未使用	未使用	未使用	未使用	未使用
未使用	未使用	미사용	未使用	未使用	未使用	未使用	未使用	未使用	未使用	未使用	未使用	未使用
未使用	未使用	미사용	未使用	未使用	未使用	未使用	未使用	未使用	未使用	未使用	未使用	未使用
未使用	未使用	미사용	未使用	未使用	未使用	未使用	未使用	未使用	未使用	未使用	未使用	未使用
未使用	未使用	미사용	未使用	未使用	未使用	未使用	未使用	未使用	未使用	未使用	未使用	未使用
未使用	未使用	미사용	未使用	未使用	未使用	未使用	未使用	未使用	未使用	未使用	未使用	未使用
未使用	未使用	미사용	未使用	未使用	未使用	未使用	未使用	未使用	未使用	未使用	未使用	未使用
未使用	未使用	미사용	未使用	未使用	未使用	未使用	未使用	未使用	未使用	未使用	未使用	未使用
未使用	未使用	미사용	未使用	未使用	未使用	未使用	未使用	未使用	未使用	未使用	未使用	未使用
未使用	未使用	미사용	未使用	未使用	未使用	未使用	未使用	未使用	未使用	未使用	未使用	未使用
Amethyst	アメジスト	애미시스트	紫水晶	紫水晶	Amethyst	Amatista	Améthyste	Ametista	Ametyst	Ametista	Аметист	Ametist
未使用	未使用	미사용	未使用	未使用	未使用	未使用	未使用	未使用	未使用	未使用	未使用	未使用
Emerald	エメラルド	에메랄드	祖母绿	祖母綠	Smaragd	Esmeralda	Émeraude	Smeraldo	Szmaragd	Esmeralda	Изумруд	Zümrüt
Onyx	オニキス	오닉스	缟玛瑙	縞瑪瑙	Onyx	Ónice	Onyx	Onice	Onyks	Ônix	Оникс	Oniks
Opal	オパール	오팔	蛋白石	蛋白石	Opal	Ópalo	Opale	Opale	Opal	Opala	Опал	Opal
Garnet	ガーネット	가넷	石榴石	石榴石	Granat	Granate	Grenat	Granato	Granat	Granada	Гранат	Lal Taşı
未使用	未使用	미사용	未使用	未使用	未使用	未使用	未使用	未使用	未使用	未使用	未使用	未使用
Diamond	ダイヤモンド	다이아몬드	钻石	鑽石	Diamant	Diamante	Diamant	Diamante	Diament	Diamante	Бриллиант	Elmas
Turquoise	ターコイズ	튀르쿠아즈	绿松石	綠松石	Türkis	Turquesa	Turquoise	Turchese	Turkus	Turquesa	Бирюза	Turkuaz
Topaz	トパーズ	토파즈	黄玉	黃寶石	Topaz	Topacio	Topaze	Topazio	Topaz	Topázio	Топаз	Topaz
未使用	未使用	미사용	未使用	未使用	未使用	未使用	未使用	未使用	未使用	未使用	未使用	未使用
Ruby	ルビー	루비	红宝石	紅寶石	Rubin	Rubí	Rubis	Rubino	Rubin	Rubi	Рубин	Yakut
Malachite	マラカイト	말라카이트	孔雀石	孔雀石	Malachit	Malaquita	Malachite	Malachite	Malachit	Malaquita	Малахит	Malakit
未使用	未使用	미사용	未使用	未使用	未使用	未使用	未使用	未使用	未使用	未使用	未使用	未使用
Black Quartz	ブラッククォーツ	블랙 쿼츠	黑水晶	黑石英	Schwarzquarz	Cuarzo negro	Quartz noir	Quarzite nera	Czarny kwarc	Quartzo Negro	Черный кварц	Siyah Kuvars
Silver Quartz	シルバークォーツ	실버 쿼츠	银水晶	銀石英	Silberquarz	Cuarzo plateado	Quartz argent	Quarzite argentea	Srebrny kwarc	Quartzo Prateado	Серебристый кварц	Gümüş Kuvars
Gold Quartz	ゴールドクォーツ	골드 쿼츠	金水晶	金石英	Goldquarz	Cuarzo dorado	Quartz or	Quarzite dorata	Złoty kwarc	Quartzo Dourado	Золотистый кварц	Altın Kuvars
未使用	未使用	미사용	未使用	未使用	未使用	未使用	未使用	未使用	未使用	未使用	未使用	未使用
未使用	未使用	미사용	未使用	未使用	未使用	未使用	未使用	未使用	未使用	未使用	未使用	未使用
未使用	未使用	미사용	未使用	未使用	未使用	未使用	未使用	未使用	未使用	未使用	未使用	未使用
Black Sword	黒の剣	검은 검	黑之剑	黑劍	Schwarzschwert	Espada negra	Épée noire	Spada nera	Czarny miecz	Espada Preta	Черный меч	Siyah Kılıç
Quality Nihil Blade	無の上刃	무의 상인	无之上刃	無之高級刃	Hochwertige Nihil-Klinge	Filo Nihil de calidad	Bonne lame du néant	Lama Nihil pregiata	Ostrze Nihil wysokiej jakości	Lâmina Nihil Boa	Хороший клинок небыли	Nitelikli Hiçlik Kılıcı
Prime Nihil Blade	無の極上刃	무의 극상인	无之极上刃	無之頂級刃	Erstklassige Nihil-Klinge	Filo Nihil excelente	Lame du néant premium	Lama Nihil eccellente	Ostrze Nihil doskonałej jakości	Lâmina Nihil Superior	Отличный клинок небыли	Has Hiçlik Kılıcı
Nihil Cloth	無の防布	무의 방포	无之防布	無之防布	Nihil-Kleidung	Tela Nihil	Tissu du néant	Tessuto Nihil	Tkanina Nihil	Tecido Nihil	Ткань небыли	Hiçlik Kumaşı
Quality Nihil Cloth	無の上防布	무의 상방포	无之上防布	無之高級防布	Hochwertige Nihil-Kleidung	Tela Nihil de calidad	Bon tissu du néant	Tessuto Nihil pregiato	Tkanina Nihil wysokiej jakości	Tecido Nihil Bom	Хорошая ткань небыли	Nitelikli Hiçlik Kumaşı
Prime Nihil Cloth	無の極上防布	무의 극상방포	无之极上防布	無之頂級防布	Erstklassige Nihil-Kleidung	Tela Nihil excelente	Tissu du néant premium	Tessuto Nihil eccellente	Tkanina Nihil doskonałej jakości	Tecido Nihil Superior	Отличная ткань небыли	Has Hiçlik Kumaşı
Nihil Ore	無の原石	무의 원석	无之原石	無之原石	Nihil-Erz	Mineral Nihil	Minerai du néant	Minerale Nihil	Ruda Nihil	Minério Nihil	Руда небыли	Hiçlik Cevheri
Quality Nihil Ore	無の上原石	무의 상원석	无之上原石	無之高級原石	Hochwertiges Nihil-Erz	Mineral Nihil de calidad	Bon minerai du néant	Minerale Nihil pregiato	Ruda Nihil wysokiej jakości	Minério Nihil Bom	Хорошая руда небыли	Nitelikli Hiçlik Cevheri
Prime Nihil Ore	無の極上原石	무의 극상원석	无之极上原石	無之頂級原石	Erstklassiges Nihil-Erz	Mineral Nihil excelente	Minerai néant premium	Minerale Nihil eccellente	Ruda Nihil doskonałej jakości	Minério Nihil Superior	Отличная руда небыли	Has Hiçlik Cevheri
Ergotite Shard	エルゴタイトの欠片	에르고타이트 파편	人因矿晶的碎片	人研所合金碎片	Ergotit-Splitter	Esquirla de ergotita	Fragment d'ergotite	Scheggia di ergotite	Odłamek ergotytu	Lasca de Ergotita	Осколок эрготита	Ergotit Parçacık
Ergotite Chunk	エルゴタイトの塊	에르고타이트 덩어리	人因矿晶块	人研所合金塊	Ergotit-Brocken	Fragmento de ergotita	Morceau d'ergotite	Pezzo di ergotite	Kawałek ergotytu	Naco de Ergotita	Кусок эрготита	Ergotit Yığın
Nihil Black Model	無の黒元型	무의 흑원형	无之黑元型	無之黑原型	Schwarzes Nihil-Modell	Modelo negro Nihil	Modèle du néant noir	Modello Nihil nero	Nihil – czarny model	Modelo Preto Nihil	Черная модель небыли	Siyah Hiçlik Modeli
Nihil White Model	無の白元型	무의 백원형	无之白元型	無之白原型	Weißes Nihil-Modell	Modelo blanco Nihil	Modèle du néant blanc	Modello Nihil bianco	Nihil – biały model	Modelo Branco Nihil	Белая модель небыли	Beyaz Hiçlik Modeli
Nihil Blade	無の刃	무의 칼날	无之刃	無之刃	Nihil-Klinge	Hoja Nihil	Lame du néant	Lama Nihil	Ostrze Nihil	Lâmina Nihil	Клинок небыли	Hiçlik Kılıcı
AS Generic Material	ＡＳ汎用マテリアル	AS 범용 머티리얼	ＡＳ通用材料	ＡＳ泛用材料	AS Generisches Material	Material genérico AS	AS Generic Material	Materiale generico AS	Zwykły materiał AR	Material Genérico AS	Базовый материал	Genel Malzeme
AS Refined Material	ＡＳ強化マテリアル	AS 강화 머티리얼	ＡＳ强化材料	ＡＳ強化材料	AS Raffiniertes Material	Material refinado AS	Matériau raffiné AS	Materiale raffinato AS	Ulepszony materiał AR	Material Refinado AS	Улучшенный материал	İşlenmiş Malzeme
Dead Moon's Husk	昏き月の亡骸	어두운 달의 유해	晦暗之月的亡骸	昏月亡骸	Totmondhülse	Cáscara de la Luna muerta	Cocon de la lune morte	Guscio della luna morta	Łupina martwego księżyca	Carcaça da Lua Morta	Пустая оболочка луны	Ölü Ay'ın Kabuğu
未使用	未使用	미사용	未使用	未使用	未使用	未使用	未使用	未使用	未使用	未使用	未使用	未使用
未使用	未使用	미사용	未使用	未使用	未使用	未使用	未使用	未使用	未使用	未使用	未使用	未使用
未使用	未使用	미사용	未使用	未使用	未使用	未使用	未使用	未使用	未使用	未使用	未使用	未使用
Jacktite	ジャックタイト	잭 타이트	杰克矿晶	傑克晶石	Jacktite	Jacktite	Jacktite	Jacktite	Jacktite	Jacktita	Джектит	Jacktite
未使用	未使用	미사용	未使用	未使用	未使用	未使用	未使用	未使用	未使用	未使用	未使用	未使用
未使用	未使用	미사용	未使用	未使用	未使用	未使用	未使用	未使用	未使用	未使用	未使用	未使用
未使用	未使用	미사용	未使用	未使用	未使用	未使用	未使用	未使用	未使用	未使用	未使用	未使用
未使用	未使用	미사용	未使用	未使用	未使用	未使用	未使用	未使用	未使用	未使用	未使用	未使用
未使用	未使用	미사용	未使用	未使用	未使用	未使用	未使用	未使用	未使用	未使用	未使用	未使用
未使用	未使用	미사용	未使用	未使用	未使用	未使用	未使用	未使用	未使用	未使用	未使用	未使用
未使用	未使用	미사용	未使用	未使用	未使用	未使用	未使用	未使用	未使用	未使用	未使用	未使用
未使用	未使用	미사용	未使用	未使用	未使用	未使用	未使用	未使用	未使用	未使用	未使用	未使用
未使用	未使用	미사용	未使用	未使用	未使用	未使用	未使用	未使用	未使用	未使用	未使用	未使用
未使用	未使用	미사용	未使用	未使用	未使用	未使用	未使用	未使用	未使用	未使用	未使用	未使用
未使用	未使用	미사용	未使用	未使用	未使用	未使用	未使用	未使用	未使用	未使用	未使用	未使用
未使用	未使用	미사용	未使用	未使用	未使用	未使用	未使用	未使用	未使用	未使用	未使用	未使用
未使用	未使用	미사용	未使用	未使用	未使用	未使用	未使用	未使用	未使用	未使用	未使用	未使用
未使用	未使用	미사용	未使用	未使用	未使用	未使用	未使用	未使用	未使用	未使用	未使用	未使用
未使用	未使用	미사용	未使用	未使用	未使用	未使用	未使用	未使用	未使用	未使用	未使用	未使用
Black Frostite	ジャアクタイト	사악 타이트	邪恶矿晶	邪惡晶石	Black Frostite	Frostite negro	Black Frost	Frostnerite	Czarny Frostite	Black Frostita	Чернофростит	Kara Frostite
未使用	未使用	미사용	未使用	未使用	未使用	未使用	未使用	未使用	未使用	未使用	未使用	未使用
Fetching Hero's Comb	美麗英雄の櫛	아름다운 영웅의 빗	美丽英雄的梳子	美麗英雄髮梳	Hundekamm	Peine del héroe atractivo	Peigne héros de drague	Spazzola dell'eroe da riporto	Wartościowy grzebień bohatera	Pente do Herói Belo	Гребень неотразимого героя	Alımlı Kahraman Tarağı
未使用	未使用	미사용	未使用	未使用	未使用	未使用	未使用	未使用	未使用	未使用	未使用	未使用
未使用	未使用	미사용	未使用	未使用	未使用	未使用	未使用	未使用	未使用	未使用	未使用	未使用
未使用	未使用	미사용	未使用	未使用	未使用	未使用	未使用	未使用	未使用	未使用	未使用	未使用
未使用	未使用	미사용	未使用	未使用	未使用	未使用	未使用	未使用	未使用	未使用	未使用	未使用
Unholy Wooden Doll	穢れた木偶人形	더러워진 목각 인형	污秽的木偶	不祥的木偶娃娃	Unheilige Holzpuppe	Muñeca de madera profana	Poupée en bois impie	Bambola di legno blasfema	Nieświęta drewniana lalka	Boneca Profana	Нечистая деревянная кукла	Kötü Ruhlu Tahta Bebek
未使用	未使用	미사용	未使用	未使用	未使用	未使用	未使用	未使用	未使用	未使用	未使用	未使用
未使用	未使用	미사용	未使用	未使用	未使用	未使用	未使用	未使用	未使用	未使用	未使用	未使用
未使用	未使用	미사용	未使用	未使用	未使用	未使用	未使用	未使用	未使用	未使用	未使用	未使用
未使用	未使用	미사용	未使用	未使用	未使用	未使用	未使用	未使用	未使用	未使用	未使用	未使用
Múspell Rock	ムスペルロック	무스펠록	穆斯贝尔之石	穆斯貝爾岩石	Múspell-Stein	Piedra Múspell	Múspell Rock	Roccia Múspell	Skała z Muspelu	Pedra de Múspell	Камень Муспель	Múspell Kayası
未使用	未使用	미사용	未使用	未使用	未使用	未使用	未使用	未使用	未使用	未使用	未使用	未使用
Mask of Cowardice	臆病の仮面	두려움의 가면	懦弱之面具	怯懦的面具	Maske der Feigheit	Máscara de la cobardía	Masque de lâcheté	Maschera della codardia	Maska tchórzostwa	Máscara da Covardia	Маска трусости	Korkaklık Maskesi
Mask of Cruelty	残酷の仮面	잔혹의 가면	残酷之面具	殘酷的面具	Maske der Grausamkeit	Máscara de la crueldad	Masque de cruauté	Maschera della crudeltà	Maska okrucieństwa	Máscara da Crueldade	Маска жестокости	Zalimlik Maskesi
Mask of Vanity	虚栄の仮面	허영의 가면	虚荣之面具	虛榮的面具	Maske der Eitelkeit	Máscara de la vanidad	Masque de vanité	Maschera della vanità	Maska próżności	Máscara da Vaidade	Маска праздности	Kibir Maskesi
Mask of Pride	傲慢の仮面	오만의 가면	傲慢之面具	傲慢的面具	Maske des Stolzes	Máscara del orgullo	Masque d'orgueil	Maschera dell'orgoglio	Maska dumy	Máscara do Orgulho	Маска гордыни	Gurur Maskesi
Mask of Sloth	怠惰の仮面	나태의 가면	怠惰之面具	怠惰的面具	Maske der Trägheit	Máscara de la pereza	Masque de paresse	Maschera dell'accidia	Maska lenistwa	Máscara da Preguiça	Маска лени	Tembellik Maskesi
Mask of Betrayal	裏切りの仮面	배신의 가면	背叛之面具	背叛的面具	Maske des Betrugs	Máscara de la traición	Masque de trahison	Maschera del tradimento	Maska zdrady	Máscara da Traição	Маска предательства	İhanet Maskesi
Mask of Concession	挫折の仮面	좌절의 가면	挫折之面具	挫折的面具	Maske der Nachgiebigkeit	Máscara de la concesión	Masque de concession	Maschera della concessione	Maska ustępstwa	Máscara da Concessão	Маска слабоволия	Taviz Maskesi
Mask of Prejudice	偏見の仮面	편견의 가면	偏见之面具	偏見的面具	Maske des Vorurteils	Máscara del prejuicio	Masque de préjugé	Maschera del pregiudizio	Maska uprzedzenia	Máscara do Preconceito	Маска предвзятости	Ön Yargı Maskesi
Mask of Greed	貪欲の仮面	탐욕의 가면	贪婪之面具	貪欲的面具	Maske der Gier	Máscara de la avaricia	Masque de cupidité	Maschera dell'avarizia	Maska chciwości	Máscara da Ganância	Маска алчности	Açgözlülük Maskesi
Mask of Folly	誤算の仮面	오산의 가면	失算之面具	誤算的面具	Maske der Torheit	Máscara de la insensatez	Masque de folie	Maschera della follia	Maska głupoty	Máscara da Loucura	Маска безумия	Akılsızlık Maskesi
Mask of Reality	本性の仮面	본성의 가면	本性之面具	本性的面具	Maske der Realität	Máscara de la realidad	Masque de réalité	Maschera della realtà	Maska rzeczywistości	Máscara da Realidade	Маска реальности	Gerçeklik Maskesi
Mask of Sacrifice	犠牲の仮面	희생의 가면	牺牲之面具	犧牲的面具	Maske der Opfergabe	Máscara del sacrificio	Masque de sacrifice	Maschera del sacrificio	Maska poświęcenia	Máscara do Sacrifício	Маска жертвенности	Fedakarlık Maskesi
Hellish Bowtie	魔境の襟飾り	마경의 장식	魔境之领饰	魔境的首飾	Höllische Fliege	Pajarita infernal	Nœud papillon infernal	Cravattino infernale	Piekielna muszka	Gravata Diabólica	Адский галстук-бабочка	Korkunç Papyon
Dancer's Necklace	演舞の襟飾り	연무의 장식	演舞之领饰	演舞的首飾	Tänzer-Halskette	Collar de bailarín	Collier du danseur	Collana della ballerina	Naszyjnik tancerza	Colar da Dançarina	Ожерелье танцора	Dansçının Kolyesi
Assailant's Choker	凶手の襟飾り	흉수의 장식	凶手之领饰	凶手的首飾	Angreifer-Halsband	Gargantilla agresora	Ras-de-cou d'assaillant	Collana dell'aggressore	Choker napastnika	Coleira do Agressor	Бархатка налетчика	Saldırganın Tasma Kolyesi
Divine Adornment	神格の襟飾り	신격의 장식	神格之领饰	神格的首飾	Himmlische Verzierung	Adorno divino	Parure divine	Ornamento divino	Boska ozdoba	Adorno Divino	Божественное украшение	İlahi Süs
Iron Cutlery	鉄のカトラリー	쇠 커틀러리	铁制餐具	鐵製餐具	Eisenbesteck	Cubertería de hierro	Couvert en fer	Posate di ferro	Żelazne sztućce	Talheres de Ferro	Железные приборы	Demir Çatal Bıçak Takımı
Bronze Cutlery	銅のカトラリー	동 커틀러리	铜制餐具	銅製餐具	Bronzebesteck	Cubertería de bronce	Couvert en bronze	Posate di bronzo	Sztućce z brązu	Talheres de Bronze	Бронзовые приборы	Bronz Çatal Bıçak Takımı
Silver Cutlery	銀のカトラリー	은 커틀러리	银制餐具	銀製餐具	Silberbesteck	Cubertería de plata	Couvert en argent	Posate d'argento	Srebrne sztućce	Talheres de Prata	Серебряные приборы	Gümüş Çatal Bıçak Takımı
Platinum Cutlery	白金のカトラリー	백금 커틀러리	白金餐具	白金餐具	Platinbesteck	Cubertería de platino	Couvert en platine	Posate di platino	Platynowe sztućce	Talheres de Platina	Платиновые приборы	Platin Çatal Bıçak Takımı
Cap of Wizardry	魔術の帽子	마술의 모자	魔术帽子	魔術帽子	Zauberkappe	Gorro de la hechicería	Chapeau de sorcellerie	Cappello della magia	Czapka czarodziejstwa	Chapéu da Bruxaria	Шляпа чародейства	Sihirbazlık Başlığı
Cap of Admiration	驚嘆の帽子	경탄의 모자	惊叹帽子	驚嘆帽子	Bewunderungskappe	Gorro de la admiración	Chapeau d'admiration	Cappello dell'ammirazione	Czapka podziwu	Chapéu da Admiração	Шляпа восхищения	Takdir Başlığı
Cap of Knowledge	知識の帽子	지식의 모자	知识帽子	知識帽子	Wissenskappe	Gorro del conocimiento	Chapeau de savoir	Cappello della conoscenza	Czapka wiedzy	Chapéu da Sabedoria	Шляпа знания	Bilgi Başlığı
Cap of Eminence	傑出の帽子	걸출의 모자	杰出帽子	傑出帽子	Ansehenskappe	Gorro de la eminencia	Chapeau d'éminence	Cappello dell'eminenza	Czapka renomy	Chapéu da Eminência	Шляпа преосвященства	İtibar Başlığı
Hushing Tiara	小声のティアラ	소성의 티아라	轻声之宝冠	輕聲后冠	Säuselnde Tiara	Tiara silenciosa	Tiare calmante	Tiara silenziosa	Spokojna tiara	Tiara Sussurrante	Шепчущая тиара	Susturan Taç
Lamenting Tiara	嘆声のティアラ	탄성의 티아라	叹声之宝冠	嘆聲后冠	Trauernde Tiara	Tiara afligida	Tiare plaintive	Tiara lamentosa	Lamentująca tiara	Tiara Lamentosa	Скорбящая тиара	Ağıt Tacı
Shrieking Tiara	奇声のティアラ	기성의 티아라	奇声之宝冠	奇聲后冠	Kreischende Tiara	Tiara chillona	Tiare hurlante	Tiara urlante	Wrzeszcząca tiara	Tiara Berrante	Воющая тиара	Çığlık Tacı
Silencing Tiara	無声のティアラ	무성의 티아라	无声之宝冠	無聲后冠	Verstummende Tiara	Tiara silenciadora	Tiare silencieuse	Tiara silenziante	Uciszająca tiara	Tiara Silenciadora	Успокаивающая тиара	Sükut Tacı
Book of Fabrication	捏造の書物	날조의 서적	捏造之典籍	捏造的書籍	Buch der Fälschungen	Libro de fabricación	Livre d'invention	Libro dell'invenzione	Księga tworzenia	Livro da Fabricação	Том вымысла	Uydurmasyon Kitabı
Book of Fanaticism	狂信の書物	광신의 서적	狂信之典籍	狂信的書籍	Buch des Fanatismus	Libro del fanatismo	Livre de fanatisme	Libro del fanatismo	Księga fanatyzmu	Livro do Fanatismo	Том фанатизма	Bağnazlık Kitabı
Book of Secrets	無言の書物	무언의 서적	无言之典籍	無言的書籍	Buch der Geheimnisse	Libro de los secretos	Livre des secrets	Libro dei segreti	Księga sekretów	Livro dos Segredos	Том секретов	Sırlar Kitabı
Book of Indignation	憤怒の書物	분노의 서적	愤怒之典籍	憤怒的書籍	Buch der Empörung	Libro de la indignación	Livre d'indignation	Libro dell'indignazione	Księga oburzenia	Livro da Indignação	Том негодования	Öfke Kitabı
Throne of Serenity	平静の玉座	평정의 옥좌	平静王座	平靜的王座	Gleichmutthron	Trono de serenidad	Trône de sérénité	Trono della calma	Tron spokoju	Trono da Serenidade	Трон спокойствия	Sükunet Tahtı
Throne of Freedom	自由の玉座	자유의 옥좌	自由王座	自由的王座	Freiheitsthron	Trono de la libertad	Trône de liberté	Trono della libertà	Tron wolności	Trono da Liberdade	Престол свободы	Özgürlük Tahtı
Throne of Ruin	破滅の玉座	파멸의 옥좌	破灭王座	破滅的王座	Verderbensthron	Trono de perdición	Trône de la ruine	Trono della rovina	Tron ruiny	Trono da Ruína	Престол краха	Harabe Tahtı
Throne of Mania	狂躁の玉座	광조의 옥좌	狂躁王座	狂躁的王座	Wahnsinnsthron	Trono de la obsesión	Trône de la manie	Trono della mania	Tron szaleństwa	Trono da Obsessão	Престол одержимости	Cinnet Tahtı
Ostentatious Plume	華美の羽根	화미의 깃털	华美羽毛	華美羽翼	Protzfeder	Pluma ostentosa	Plume ostentatoire	Piuma appariscente	Pretensjonalne pióro	Pluma Ostensiva	Роскошный плюмаж	Gösterişli Tüy
Jet-Black Plume	漆黒の羽根	칠흑의 깃털	漆黑羽毛	漆黑羽翼	Tiefschwarze Feder	Pluma azabache	Plume noir de jais	Piuma nero corvino	Kruczoczarne pióro	Pluma Preta	Иссиня-черный плюмаж	Simsiyah Tüy
Airy Plume	天風の羽根	천풍의 깃털	天风羽毛	天風羽翼	Luftige Feder	Pluma ligera	Plume aérienne	Piuma ariosa	Lekkie pióro	Pluma Aérea	Грациозный плюмаж	Hafif Tüy
Immortal Plume	不朽の羽根	불후의 깃털	不朽羽毛	不朽羽翼	Unsterblichkeitsfeder	Pluma inmortal	Plume immortelle	Piuma immortale	Nieśmiertelne pióro	Pluma Imortal	Бессмертный плюмаж	Ölümsüz Tüy
Orb of Creation	創造の玉	창조의 구슬	创造宝玉	創造之玉	Kugel der Schöpfung	Orbe de la creación	Orbe de création	Sfera della creazione	Kula stworzenia	Orbe da Criação	Сфера созидания	Yaradılış Küresi
Orb of Continuity	継続の玉	지속의 구슬	维持宝玉	延續之玉	Kugel der Stetigkeit	Orbe de la continuidad	Orbe de continuité	Sfera della continuità	Kula ciągłości	Orbe da Continuidade	Сфера преемственности	Devamlılık Küresi
Orb of Growth	成長の玉	성장의 구슬	成长宝玉	成長之玉	Kugel des Wachstums	Orbe del crecimiento	Orbe de croissance	Sfera della crescita	Kula wzrostu	Orbe do Crescimento	Сфера роста	Gelişim Küresi
Orb of Flux	流転の玉	윤회의 구슬	流转宝玉	流變之玉	Kugel des Flusses	Orbe del flujo	Orbe de flux	Sfera del flusso	Kula wahania	Orbe do Fluxo	Сфера переменчивости	Değişim Küresi
Lady's Stool	淑女の腰かけ	숙녀의 의자	淑女之椅	淑女的椅子	Damenstuhl	Asiento de la dama	Tabouret de dame	Sgabello da dama	Damski stołeczek	Banco da Dama	Столец леди	Leydinin Taburesi
Opulent Stool	驕奢の腰かけ	사치의 의자	骄奢之椅	驕奢的椅子	Edelstuhl	Asiento opulento	Tabouret opulent	Sgabello opulento	Wystawny stołeczek	Banco Opulento	Роскошный столец	Zengin Taburesi
Leopardess Stool	女豹の腰かけ	암표범의 의자	雌豹之椅	妖豔的椅子	Leopardinnenstuhl	Asiento del leopardo	Tabouret léopard	Sgabello leopardato	Stołeczek lamparcicy	Banco da Leoparda	Столец леопарда	Dişi Leopar Taburesi
Saint's Stool	聖女の腰かけ	성녀의 의자	圣女之椅	聖女的椅子	Heiliger Stuhl	Asiento del santo	Tabouret de saint	Sgabello del santo	Stołeczek świętego	Banco da Santa	Столец святой	Aziz Taburesi
Vanguard's Horn	尖兵の大角	첨병의 큰 뿔	尖兵之大角	尖兵大角	Vorhuthorn	Cuerno de la vanguardia	Corne de l'avant-garde	Corno dell'avanguardia	Róg straży przedniej	Chifre da Vanguarda	Рог авангарда	Öncünün Boynuzu
Shogun's Horn	将軍の大角	장군의 큰 뿔	将军之大角	將軍大角	Shogunhorn	Cuerno del shogun	Corne du Shogun	Corno dello Shogun	Róg szoguna	Chifre do Xógum	Рог сёгуна	Shogun'un Boynuzu
Champion's Horn	王者の大角	왕의 큰 뿔	王者之大角	王者大角	Kriegerhorn	Cuerno del campeón	Corne du Champion	Corno del campione	Róg czempiona	Chifre do Campeão	Рог чемпиона	Şampiyonun Boynuzu
Emperor's Horn	皇帝の大角	황제의 큰 뿔	皇帝之大角	皇帝大角	Herrscherhorn	Cuerno del emperador	Corne de l'Empereur	Corno imperiale	Róg cesarza	Chifre do Imperador	Рог императора	İmparatorun Boynuzu
Saddle of Aggression	攻勢の鞍	공세의 안장	攻势之马鞍	攻勢馬鞍	Sattel der Aggression	Montura de la agresión	Selle d'agression	Sella dell'aggressione	Siodło agresji	Sela da Agressão	Седло агрессии	Saldırganlık Eyeri
Saddle of Merit	武勲の鞍	무훈의 안장	武勋之马鞍	武勳馬鞍	Sattel der Verdienste	Montura del mérito	Selle de mérite	Sella del merito	Siodło zasługi	Sela do Mérito	Седло заслуги	Erdem Eyeri
Saddle of Vengeance	復讐の鞍	복수의 안장	复仇之马鞍	復仇馬鞍	Sattel der Rache	Montura de la venganza	Selle de vengeance	Sella della vendetta	Siodło zemsty	Sela da Vingança	Седло мести	İntikam Eyeri
Saddle of Fortitude	不撓の鞍	불요의 안장	不挠之马鞍	不撓馬鞍	Sattel der Tapferkeit	Montura de la entereza	Selle de courage	Sella del coraggio	Siodło męstwa	Sela da Fortitude	Седло стойкости	Metanet Eyeri
Ashen Wall Fragment	灰の城壁	회색 성벽	灰色城墙	灰色城牆	Aschewandfragment	Fragmento de muro ceniciento	Fragment de mur cendré	Frammento di muro cinereo	Fragment popielatej ściany	Caco de Parede Cinza	Фрагмент серой стены	Kül Rengi Duvar Parçası
Green Wall Fragment	緑の城壁	초록 성벽	绿色城墙	綠色城牆	Grünwandfragment	Fragmento de muro verde	Fragment de mur vert	Frammento di muro verde	Fragment zielonej ściany	Caco de Parede Verde	Фрагмент зеленой стены	Yeşil Duvar Parçası
Red Wall Fragment	赤の城壁	붉은 성벽	红色城墙	紅色城牆	Rotwandfragment	Fragmento de muro rojo	Fragment de mur rouge	Frammento di muro rosso	Fragment czerwonej ściany	Caco de Parede Rubra	Фрагмент красной стены	Kırmızı Duvar Parçası
White Wall Fragment	白の城壁	하얀 성벽	白色城墙	白色城牆	Weißwandfragment	Fragmento de muro blanco	Fragment de mur blanc	Frammento di muro bianco	Fragment białej ściany	Caco de Parede Alva	Фрагмент белой стены	Beyaz Duvar Parçası
Shackles of Ecstasy	恍惚の棒枷	황홀의 구속기구	恍惚之枷锁	失神枷棒	Rauschfesseln	Grilletes del éxtasis	Menottes d'extase	Catene dell'estasi	Okowy ekstazy	Grilhões do Êxtase	Оковы исступления	Aşırı Sevinç Prangası
Shackles of Depravity	血餓の棒枷	혈아의 구속기구	嗜血之枷锁	渴血枷棒	Verderbnisfesseln	Grilletes de la depravación	Menottes de corruption	Catene della corruzione	Okowy zdeprawowania	Grilhões da Perversão	Оковы греховности	Ahlaksızlık Prangası
Shackles of Morbidity	希死の棒枷	희사의 구속기구	求死之枷锁	求死枷棒	Morbidfesseln	Grilletes de la morbilidad	Menottes de morbidité	Catene macabre	Okowy chorobliwości	Grilhões da Morbidez	Оковы болезни	Hastalık Prangası
Shackles of Madness	発狂の棒枷	발광의 구속기구	发狂之枷锁	發狂枷棒	Wahnfesseln	Grilletes de la locura	Menottes de folie	Catene della pazzia	Okowy szaleństwa	Grilhões da Loucura	Оковы безумия	Delilik Prangası
Crown of Vice	不徳の冠	부덕의 관	无德之冠	不德之冠	Lasterkrone	Corona de vicio	Couronne du vice	Corona del vizio	Korona występku	Coroa do Vício	Корона порока	Yozlaşma Tacı
Crown of Obstinacy	頑迷の冠	완고의 관	执拗之冠	冥頑之冠	Sturheitskrone	Corona de obstinación	Couronne d'obstination	Corona dell'ostinazione	Korona uporu	Coroa da Obstinação	Корона упрямства	İnat Tacı
Crown of Egoism	無法の冠	무법의 관	无法之冠	妄為之冠	Egoismuskrone	Corona de egoísmo	Couronne d'égoïsme	Corona dell'egoismo	Korona egoizmu	Coroa do Egoísmo	Корона себялюбия	Bencillik Tacı
Crown of Servility	盲従の冠	맹종의 관	盲从之冠	盲從之冠	Kriecherkrone	Corona de servidumbre	Couronne de servilité	Corona del servilismo	Korona służalczości	Coroa da Servilidade	Корона раболепия	İtaatkarlık Tacı
Hail Charm	氷雪の紙片	빙설의 지편	冰雪纸片	冰雪紙片	Hagelamulett	Amuleto de granizo	Charme de salutation	Ciondolo grandine	Czar gradu	Patuá do Granizo	Заговор града	Dolu Yağdırma Efsunu
Inferno Charm	業火の紙片	업화의 지편	业火纸片	業火紙片	Inferno-Amulett	Amuleto infernal	Charme de l'enfer	Ciondolo inferno	Czar ognia piekielnego	Patuá do Inferno	Заговор инферно	Cehennem Sıcağı Efsunu
Whirlwind Charm	旋風の紙片	선풍의 지편	旋风纸片	旋風紙片	Wirbelwindamulett	Amuleto de espiral	Charme du tourbillon	Ciondolo turbine	Czar wichru	Patuá do Furacão	Заговор урагана	Hortum Efsunu
Pandemonium Charm	万魔の紙片	만마의 지편	万魔纸片	萬魔紙片	Pandemonium-Amulett	Amuleto del Pandemónium	Charme du Pandémonium	Ciondolo pandemonio	Czar pandemonium	Patuá do Pandemônio	Заговор демонов	Kargaşa Efsunu
Arrowhead of Desire	盲愛の矢じり	맹애의 화살촉	盲爱之箭头	盲戀箭矢	Pfeilspitze der Begehren	Punta de flecha del deseo	Pointe flèche du désir	Punta del desiderio	Grot pożądania	Seta do Desejo	Наконечник страсти	Arzu Ok Ucu
Arrowhead of Envy	妬心の矢じり	질투의 화살촉	妒心之箭头	嫉妒箭矢	Pfeilspitze des Neides	Punta de flecha de la envidia	Pointe flèche d'envie	Punta dell'invidia	Grot zawiści	Seta da Inveja	Наконечник зависти	Haset Ok Ucu
Arrowhead of Control	独占の矢じり	독점의 화살촉	独占之箭头	占有箭矢	Pfeilspitze der Herrschaft	Punta de flecha del control	Pointe flèche contrôle	Punta del controllo	Grot kontroli	Seta do Controle	Наконечник контроля	Kontrol Ok Ucu
Arrowhead of Heart	包容の矢じり	포용의 화살촉	包容之箭头	包容箭矢	Pfeilspitze des Herzens	Punta de fecha del corazón	Pointe flèche du cœur	Punta del cuore	Grot serca	Seta do Coração	Наконечник сердца	Vicdan Ok Ucu
Necklace of Fantasy	雑念の首飾り	잡념의 목걸이	杂念之项链	雜念的首飾	Halskette der Fantasie	Collar de la fantasía	Collier des fantasmes	Collana della fantasia	Naszyjnik fantazji	Colar da Fantasia	Подвеска фантазии	Düş Kolyesi
Necklace of Craving	渇望の首飾り	갈망의 목걸이	渴望之项链	渴望的首飾	Halskette des Verlangens	Collar del anhelo	Collier de l'envie	Collana della brama	Naszyjnik łaknienia	Colar do Anseio	Подвеска желания	İhtiras Kolyesi
Necklace of Impulse	衝動の首飾り	충동의 목걸이	冲动之项链	衝動的首飾	Halskette des Antriebs	Collar del impulso	Collier d'impulsion	Collana dell'impulso	Naszyjnik impulsu	Colar do Impulso	Подвеска импульса	Dürtü Kolyesi
Necklace of Fixation	耽溺の首飾り	탐닉의 목걸이	耽溺之项链	耽溺的首飾	Halskette der Besessenheit	Collar de la fijación	Collier d'obsession	Collana dell'ossessione	Naszyjnik obsesji	Colar da Fixação	Подвеска зависимости	Saplantı Kolyesi
Balloon of Amity	熱愛のバルーン	열애의 벌룬	热爱之气球	熱戀的氣球	Ballon der Freundschaft	Globo de la amistad	Ballon d'amitié	Palloncino dell'amicizia	Balon zgody	Balão da Amizade	Шар согласия	Dostluk Balonu
Balloon of Feuds	確執のバルーン	불화의 벌룬	偏执之气球	爭論的氣球	Ballon der Fehde	Globo de las enemistades	Ballon des querelles	Palloncino delle faide	Balon waśni	Balão das Rusgas	Шар вражды	Düşmanlık Balonu
Balloon of Harmony	復縁のバルーン	복연의 벌룬	和好之气球	重圓的氣球	Ballon der Harmonie	Globo de la armonía	Ballon d'harmonie	Palloncino dell'armonia	Balon harmonii	Balão da Harmonia	Шар гармонии	Uyum Balonu
Balloon of Unity	共生のバルーン	공생의 벌룬	共生之气球	共生的氣球	Ballon der Einigkeit	Globo de la unidad	Ballon d'unité	Palloncino dell'unità	Balon jedności	Balão da Unidade	Шар единства	Birlik Balonu
Steel Wheel	鋼鉄の車輪	강철의 차륜	钢铁车轮	鋼鐵的車輪	Stahlrad	Rueda de acero	Roue en acier	Ruota d'acciaio	Stalowe koło	Roda de Aço	Стальное колесо	Çelik Teker
Rapid Wheel	俊足の車輪	준마의 차륜	俊足车轮	飛速的車輪	Schnellrad	Rueda rápida	Roue rapide	Ruota rapida	Prędkie koło	Roda Célere	Быстрое колесо	Hızlı Teker
Surmounting Wheel	前進の車輪	전진의 차륜	前进车轮	邁進的車輪	Überwindungsrad	Rueda de la superación	Roue surmontante	Ruota del superamento	Wieńczące koło	Roda Sobrepujante	Колесо преодоления	Aşan Teker
War Wheel	闘争の車輪	투쟁의 차륜	斗争车轮	鬥爭的車輪	Kriegsrad	Rueda de la guerra	Roue de guerre	Ruota bellica	Wojenne koło	Roda Bélica	Колесо войны	Savaş Tekeri
Brutish Rotary Leg	蛮力の回転脚	만력의 회전다리	蛮力回旋脚	蠻力迴轉腳	Brutales Drehbein	Pata rotatoria salvaje	Pied rotatif brutal	Gamba rotante brutale	Brutalna obrotowa noga	Perna Giratória Bruta	Шарнир зверства	Hayvani Dönen Sandalye Ayağı
Ruthless Rotary Leg	殺意の回転脚	살의의 회전다리	杀意回旋脚	殺意迴轉腳	Ruchloses Drehbein	Pata rotatoria implacable	Pied rotatif résolu	Gamba rotante spietata	Bezwzględna obrotowa noga	Perna Giratória Tenaz	Шарнир свирепости	Gaddar Dönen Sandalye Ayağı
Cruel Rotary Leg	残虐の回転脚	잔학의 회전다리	残虐回旋脚	殘虐迴轉腳	Grausames Drehbein	Pata rotatoria cruel	Pied rotatif cruel	Gamba rotante crudele	Okrutna obrotowa noga	Perna Giratória Cruel	Шарнир жестокости	Zalim Dönen Sandalye Ayağı
Ruinous Rotary Leg	撃滅の回転脚	격멸의 회전다리	击灭回旋脚	擊滅迴轉腳	Unheilvolles Drehbein	Pata rotatoria destructiva	Pied rotatif funeste	Gamba rotante rovinosa	Zgubna obrotowa noga	Perna Giratória Ruim	Шарнир краха	Harap Edici Dönen Sandalye Ayağı
Kill Shot Turret	撃破の砲塔	격파의 포탑	击破之炮塔	擊破的砲塔	Todesgeschütz	Torreta mortal	Tourelle de tir	Torretta mortale	Snajperska wieżyczka	Torreta Assassina	Убийственная турель	Ölüm Vuruşu Tareti
Bloodstained Turret	血戦の砲塔	혈전의 포탑	血战之炮塔	血戰的砲塔	Blutiges Geschütz	Torreta ensangrentada	Tourelle ensanglantée	Torretta insanguinata	Zakrwawiona wieżyczka	Torreta Ensanguentada	Окровавленная турель	Kana Bulanmış Taret
Ominous Turret	凶兆の砲塔	흉조의 포탑	凶兆之炮塔	凶兆的砲塔	Unheilvolles Geschütz	Torreta siniestra	Tourelle inquiétante	Torretta minacciosa	Złowieszcza wieżyczka	Torreta Sinistra	Зловещая турель	Uğursuz Taret
Purified Turret	浄化の砲塔	정화의 포탑	净化之炮塔	淨化的砲塔	Gereinigtes Geschütz	Torreta purificada	Tourelle purifiée	Torretta purificata	Oczyszczona wieżyczka	Torreta Purificada	Очищенная турель	Arınmış Taret
Rusty Blade	茶錆の刀身	녹의 검신	铁锈刀身	生鏽的刀身	Rostige Klinge	Filo oxidado	Lame rouillée	Lama arrugginita	Zardzewiałe ostrze	Lâmina Enferrujada	Ржавый клинок	Paslı Kılıç
Bronze Blade	青銅の刀身	청동의 검신	青铜刀身	青銅的刀身	Bronzeklinge	Filo de bronce	Lame de bronze	Lama di bronzo	Brązowe ostrze	Lâmina de Bronze	Бронзовый клинок	Bronz Kılıç
Steel Blade	鋼の刀身	강철의 검신	钢铁刀身	鋼的刀身	Stahlklinge	Filo de acero	Lame en acier	Lama d'acciaio	Stalowe ostrze	Lâmina de Aço	Стальной клинок	Çelik Kılıç
Tamahagane Blade	玉鋼の刀身	옥강의 검신	玉钢刀身	玉鋼的刀身	Tamahagane-Klinge	Filo tamahagane	Lame Tamahagane	Lama Tamahagane	Ostrze tamahagane	Lâmina de Tamahagane	Клинок тамахаганэ	Tamahagane Kılıcı
Red-Blue Plates	赤青の皿	적청의 접시	赤青之盘	赤青之皿	Rot-blaue Platten	Platos rojos y azules	Assiettes rouge et bleu	Piatti blu e rossi	Czerwono-niebieskie talerze	Pratos Rubro e Azul	Красно-синие блюда	Kırmızı Mavi Tabaklar
Purple-Green Plates	紫緑の皿	자녹의 접시	紫绿之盘	紫綠之皿	Violett-grüne Platten	Platos morados y verdes	Assiettes mauve et vert	Piatti viola e verdi	Fioletowo-zielone talerze	Pratos Roxo e Verde	Фиолетово-зеленые блюда	Mor Yeşil Tabaklar
Golden Plates	黄金の皿	황금의 접시	黄金之盘	黃金之皿	Goldene Platten	Platos de oro	Assiettes dorées	Piatti d'oro	Złote talerze	Pratos de Ouro	Золотые блюда	Altın Tabaklar
Platinum Plates	白金の皿	백금의 접시	白金之盘	白金之皿	Platinplatten	Platos de platino	Assiettes de platine	Piatti di platino	Platynowe talerze	Pratos de Platina	Платиновые блюда	Platin Tabaklar
Warped Balance	歪んだ天秤	일그러진 천칭	失衡之天秤	歪斜的天秤	Gebogene Waage	Balanza torcida	Balance déformée	Bilancia deformata	Wypaczony balans	Balança Torta	Искаженные весы	Bozulmuş Denge
Wavering Balance	揺らぐ天秤	흔들리는 천칭	摇摆之天秤	搖晃的天秤	Schwankende Waage	Balanza oscilante	Balance vacillante	Bilancia traballante	Chwiejny balans	Balança Vacilante	Колеблющиеся весы	Sarsılan Denge
Immovable Balance	動かぬ天秤	부동의 천칭	不动之天秤	不動的天秤	Feste Waage	Balanza inamovible	Balance inébranlable	Bilancia inamovibile	Nieruchomy balans	Balança Inamovível	Недвижимые весы	Sarsılmaz Denge
Equal Balance	虚しき天秤	공허한 천칭	空虚之天秤	虛幻的天秤	Harmonische Waage	Balanza igualada	Balance équilibrée	Bilancia equilibrata	Równy balans	Balança Equilibrada	Уравненные весы	Eşit Denge
Dusk Lantern	暮色のランタン	어스름의 랜턴	暮色灯笼	暮色提燈	Dämmerlaterne	Farol crepuscular	Lanterne du crépuscule	Lanterna del crepuscolo	Lampion zmierzchu	Lanterna Crepuscular	Сумрачная лампа	Alaca Karanlık Feneri
Incandescent Lantern	焦熱のランタン	초열의 랜턴	焦热灯笼	焦熱提燈	Strahlende Laterne	Farol incandescente	Lanterne incandescente	Lanterna incandescente	Jaśniejący lampion	Lanterna Fulgurante	Лампа накаливания	Parlak Fener
Chilling Lantern	悪寒のランタン	오한의 랜턴	恶寒灯笼	惡寒提燈	Fröstelnde Laterne	Farol frío	Lanterne glacée	Lanterna spaventosa	Chłodny lampion	Lanterna Gélida	Морозная лампа	Üşüten Fener
Black Hole Lantern	暗黒のランタン	암흑의 랜턴	暗黑灯笼	暗黑提燈	Schwarzes Loch-Laterne	Farol del agujero negro	Lanterne trou noir	Lanterna del buco nero	Lampion czarnej dziury	Lanterna de Absorção	Лампа черной дыры	Kara Delik Feneri
Wizard's Candlestick	術師の燭台	술사의 촛대	术士的烛台	術師的燭台	Hexer-Kerzenhalter	Candelabro del mago	Chandelier du sorcier	Candelabro del mago	Świecznik czarnoksiężnika	Castiçal do Bruxo	Свеча волшебника	Sihirbazın Şamdanı
Lord's Candlestick	大家の燭台	대가의 촛대	高人的烛台	大師的燭台	Fürsten-Kerzenhalter	Candelabro del señor	Chandelier du seigneur	Candelabro del lord	Świecznik lorda	Castiçal do Lorde	Свеча лорда	Tanrının Şamdanı
Leader's Candlestick	盟主の燭台	맹주의 촛대	盟主的烛台	盟主的燭台	Anführer-Kerzenhalter	Candelabro del jefe	Chandelier du chef	Candelabro del leader	Świecznik przywódcy	Castiçal do Líder	Свеча предводителя	Liderin Şamdanı
Divine Candlestick	天人の燭台	천인의 촛대	天人的烛台	天人的燭台	Göttlicher Kerzenhalter	Candelabro divino	Chandelier divin	Candelabro divino	Boski świecznik	Castiçal Divino	Священная свеча	İlahi Şamdan
Murky Eyeball	淀んだ眼球	탁해진 안구	浑浊的眼球	汙濁眼球	Trüber Augapfel	Ojo turbio	Globe oculaire trouble	Occhio torbido	Mętne oko	Olho Turvo	Мутный глаз	Donuk Göz Yuvarı
Decaying Eyeball	熟れた眼球	낡은 안구	腐败的眼球	精熟眼球	Verwesender Augapfel	Ojo deteriorado	Œil en décomposition	Occhio in putrefazione	Gnijące oko	Olho Putrefato	Гниющий глаз	Çürüyen Göz Yuvarı
Coruscant Eyeball	煌めく眼球	반짝이는 안구	闪光的眼球	輝煌眼球	Funkelnder Augapfel	Ojo reluciente	Œil étincelant	Occhio di Coruscant	Połyskujące oko	Olho Coruscante	Сверкающий глаз	Parlak Göz Yuvarı
Bloody Eyeball	血濡れた眼球	피에 젖은 안구	染血的眼球	染血眼球	Blutiger Augapfel	Ojo sangriento	Œil ensanglanté	Occhio insanguinato	Krwawe oko	Olho Ensanguentado	Кровавый глаз	Kanlı Göz Yuvarı
Copper Dice	銅のサイコロ	동 주사위	铜制骰子	銅製骰子	Kupferwürfel	Dado de cobre	Dé de cuivre	Dadi di rame	Miedziana kostka	Dado de Cobre	Медные кости	Bakır Zar
Steel Dice	鋼のサイコロ	강철 주사위	钢制骰子	鋼製骰子	Stahlwürfel	Dado de acero	Dé d'acier	Dadi d'acciaio	Stalowa kostka	Dado de Aço	Стальные кости	Çelik Zar
Silver Dice	銀のサイコロ	은 주사위	银制骰子	銀製骰子	Silberwürfel	Dado de plata	Dé d'argent	Dado d'argento	Srebrna kostka	Dado de Prata	Серебряные кости	Gümüş Zar
Platinum Dice	白金のサイコロ	백금 주사위	白金骰子	白金骰子	Platinwürfel	Dado de platino	Dé de platine	Dado di platino	Platynowa kostka	Dado de Platina	Платиновые кости	Platin Zar
Ring of Anxiety	不安の環	불안의 고리	不安之环	不安之環	Angstring	Anillo de ansiedad	Anneau d'anxiété	Anello dell'ansia	Pierścień niepokoju	Anel da Ansiedade	Кольцо тревожности	Kaygı Yüzüğü
Ring of Resentment	怨嗟の環	원망의 고리	怨嗟之环	怨嘆之環	Missgunstring	Anillo de resentimiento	Anneau de ressentiment	Anello del rancore	Pierścień żalu	Anel do Melindre	Кольцо неприязни	Dargınlık Yüzüğü
Ring of Asphyxiation	絶息の環	절명의 고리	绝息之环	絕命之環	Erstickungsring	Anillo de asfixia	Anneau d'asphyxie	Anello dell'asfissia	Pierścień uduszenia	Anel da Asfixia	Кольцо удушения	Boğulma Yüzüğü
Ring of Retribution	神罰の環	천벌의 고리	神罚之环	神罰之環	Vergeltungsring	Anillo de retribución	Anneau de punition	Anello del castigo	Pierścień odwetu	Anel da Retaliação	Кольцо воздаяния	Mükafat Yüzüğü
Red Sand	赤の砂	적색 모래	赤之沙	紅沙	Roter Sand	Arena roja	Sable rouge	Sabbia rossa	Czerwony piasek	Areia Vermelha	Красный песок	Kırmızı Kum
Orange Sand	橙の砂	주황색 모래	橙之沙	橙沙	Oranger Sand	Arena naranja	Sable orange	Sabbia arancione	Pomarańczowy piasek	Areia Laranja	Оранжевый песок	Turuncu Kum
Blue Sand	青の砂	청색 모래	青之沙	藍沙	Blauer Sand	Arena azul	Sable bleu	Sabbia blu	Niebieski piasek	Areia Azul	Синий песок	Mavi Kum
White Sand	白の砂	백색 모래	白之沙	白沙	Weißer Sand	Arena blanca	Sable blanc	Sabbia bianca	Biały piasek	Areia Branca	Белый песок	Beyaz Kum
Samurai Helmet	士人の兜	무사의 투구	士人之盔	武士頭盔	Samurai-Helm	Casco de samurái	Casque de samourai	Elmo da samurai	Hełm samuraja	Elmo de Samurai	Шлем самурая	Samuray Miğferi
Warlord Helmet	武将の兜	무장의 투구	武将之盔	武將頭盔	Kriegsherr-Helm	Casco de caudillo	Casque de daimyo	Elmo da signore della guerra	Hełm watażki	Elmo de Caudilho	Шлем полководца	Savaş Tanrısı Miğferi
Vengeful Helmet	報復の兜	보복의 투구	报复之盔	報復頭盔	Vergeltungshelm	Casco vengativo	Casque vengeur	Elmo vendicativo	Mściwy hełm	Elmo Vingativo	Шлем мстителя	İntikam Miğferi
Ruling Helmet	天下の兜	천하의 투구	天下之盔	天下頭盔	Herrscherhelm	Casco de gobernante	Casque du verdict	Elmo dominante	Władający hełm	Elmo Dirigente	Шлем правителя	Hükümdar Miğferi
Fighter's Pants	闘士のパンツ	투사의 바지	斗士短裤	鬥士短褲	Kämpferhose	Pantalones de luchador	Pantalon de combattant	Pantaloni da lottatore	Spodnie wojownika	Calça do Lutador	Штаны бойца	Dövüşçü Pantolonu
Iron-Lined Pants	鉄壁のパンツ	철벽의 바지	铁壁短裤	鐵壁短褲	Gefütterte Hose	Pantalones forrados de hierro	Pantalon bordé de fer	Pantaloni rinforzati	Spodnie z żelaznymi wstawkami	Calça de Ferro	Штаны с железными вставками	Demir Astarlı Pantolon
Hero's Pants	豪傑のパンツ	호걸의 바지	豪杰短裤	豪傑短褲	Heldenhose	Pantalones de héroe	Pantalon de héros	Pantaloni dell'eroe	Spodnie bohatera	Calça do Herói	Штаны героя	Kahraman Pantolonu
Holy Pants	神性のパンツ	신성의 바지	神性短裤	神性短褲	Heilige Hose	Pantalones sagrados	Pantalon sacré	Pantaloni sacri	Święte spodnie	Calça Sagrada	Священные штаны	Kutsal Pantolon
Beastly Fur	猛獣の毛皮	맹수의 모피	猛兽毛皮	猛獸的毛皮	Bestienfell	Piel bestial	Fourrure bestiale	Pelliccia bestiale	Futro bestii	Pelego Bestial	Мех зверя	Sevimsiz Kürk
Servant's Fur	下僕の毛皮	하인의 모피	仆从毛皮	奴僕的毛皮	Dienerfell	Piel del siervo	Fourrure de serviteur	Pelliccia del servo	Futro sługi	Pelego do Servo	Мех слуги	Hizmetçi Kürkü
Wicked Fur	邪獣の毛皮	사수의 모피	邪兽毛皮	邪獸的毛皮	Verdorbenes Fell	Piel perversa	Fourrure cruelle	Pelliccia maligna	Szalone futro	Pelego Malévolo	Мех нечисти	Kötücül Kürk
Divine Fur	聖獣の毛皮	성수의 모피	圣兽毛皮	聖獸的毛皮	Himmlisches Fell	Piel divina	Fourrure divine	Pelliccia divina	Boskie futro	Pelego Divino	Мех божества	İlahi Kürk
Ver. IV Restraints	四式拘束具	사식 구속구	四式镣铐	肆式戒具	Fesseln Ver. IV	Cadenas ver. IV	Liens v. IV	Catene ver. IV	Więzy wer. IV	Correntes Ver. IV	Оковы версии IV	Kısıtlamalar Ver. IV
Ver. III Restraints	参式拘束具	삼식 구속구	三式镣铐	參式戒具	Fesseln Ver. III	Cadenas ver. III	Liens v. III	Catene ver. III	Więzy wer. III	Correntes Ver. III	Оковы версии III	Kısıtlamalar Ver. III
Ver. II Restraints	弐式拘束具	이식 구속구	二式镣铐	貳式戒具	Fesseln Ver. II	Cadenas ver. II	Liens v. II	Catene ver. II	Więzy wer. II	Correntes Ver. II	Оковы версии II	Kısıtlamalar Ver. II
Ver. I Restraints	壱式拘束具	일식 구속구	一式镣铐	壹式戒具	Fesseln Ver. II	Cadenas ver. I	Liens v. I	Catene ver. I	Więzy wer. I	Correntes Ver. I	Оковы версии I	Kısıtlamalar Ver. I
Sadistic Wood Horse	嗜虐の木馬	기학의 목마	嗜虐之木马	嗜虐的木馬	Sadistisches Holzpferd	Caballo de madera sádico	Cheval de bois sadique	Cavallo di legno sadico	Sadystyczny drewniany koń	Cavalinho Sádico	Лошадка мучителя	Sadist Tahta At
Bloody Wood Horse	鮮血の木馬	선혈의 목마	鲜血之木马	鮮血的木馬	Blutiges Holzpferd	Caballo de madera sangriento	Cheval de bois sanglant	Cavallo di legno sanguinario	Krwawy drewniany koń	Cavalinho Sangrento	Кровавая лошадка	Kanlı Tahta At
Infernal Wood Horse	魔性の木馬	마성의 목마	魔性之木马	魔性的木馬	Infernales Holzpferd	Caballo de madera infernal	Cheval de bois infernal	Cavallo di legno infernale	Piekielny drewniany koń	Cavalinho Infernal	Адская лошадка	Şeytani Tahta At
Forlorn Wood Horse	亡失の木馬	망실의 목마	尽丧之木马	亡失的木馬	Tristes Holzpferd	Caballo de madera desamparado	Cheval de bois oublié	Cavallo di legno triste	Samotny drewniany koń	Cavalinho Abandonado	Оставленная лошадка	Terk Edilmiş Tahta At
Cross of Ineptitude	無力の磔台	무력의 처형대	无力之磔台	無力之刑台	Kreuz der Unfähigkeit	Cruz de ineptitud	Croix d'ineptie	Croce dell'inettitudine	Krzyż niekompetencji	Cruz da Inépcia	Крест неумения	Kabiliyetsizlik Haçı
Cross of Sanity	正気の磔台	정기의 처형대	理智之磔台	正氣之刑台	Kreuz des Verstandes	Cruz de cordura	Croix de santé mentale	Croce del buonsenso	Krzyż trzeźwości umysłu	Cruz da Sanidade	Крест разума	Akıl Sağlığı Haçı
Cross of Resignation	諦念の磔台	체념의 처형대	绝望之磔台	澈悟之刑台	Kreuz der Resignation	Cruz de renuncia	Croix de résignation	Croce della rassegnazione	Krzyż rezygnacji	Cruz da Resignação	Крест отречения	Teslimiyet Haçı
Cross of Order	秩序の磔台	질서의 처형대	秩序之磔台	秩序之刑台	Kreuz der Ordnung	Cruz de orden	Croix de l'ordre	Croce dell'ordine	Krzyż porządku	Cruz da Ordem	Крест порядка	Düzen Haçı
未使用	未使用	미사용	未使用	未使用	未使用	未使用	未使用	未使用	未使用	未使用	未使用	未使用
未使用	未使用	미사용	未使用	未使用	未使用	未使用	未使用	未使用	未使用	未使用	未使用	未使用
Copper Coin	銅のコイン	동 코인	铜制钱币	銅幣	Kupfermünze	Moneda de cobre	Pièce en cuivre	Moneta di rame	Miedziana moneta	Moeda de Cobre	Медная монета	Bakır Madeni Para
Silver Coin	銀のコイン	은 코인	银制钱币	銀幣	Silbermünze	Moneda de plata	Pièce en argent	Moneta d'argento	Srebrna moneta	Moeda de Prata	Серебряная монета	Gümüş Madeni Para
Gold Coin	金のコイン	금 코인	金制钱币	金幣	Goldmünze	Moneda de oro	Pièce en or	Moneta d'oro	Złota moneta	Moeda de Ouro	Золотая монета	Altın Madeni Para
未使用	未使用	미사용	未使用	未使用	未使用	未使用	未使用	未使用	未使用	未使用	未使用	未使用
Thebel Glass Shard	世俗のガラス片	세속의 유리 파편	世俗之玻璃片	世俗玻璃片	Thebel-Glassplitter	Esquirla de vidrio de Thebel	Tesson de Thebel	Scheggia di vetro di Thebel	Szklany odłamek Thebel	Caco de Thebel	Осколок стекла из Тевеля	Thebel Cam Parçacığı
Thebel Stone Piece	世俗の石材	세속의 석재	世俗之石材	世俗石材	Thebel-Steinteil	Trozo de piedra de Thebel	Pierre de Thebel	Pezzo di pietra di Thebel	Kawałek skały Thebel	Pedra de Thebel	Кусок камня из Тевеля	Thebel Taş Parçası
未使用	未使用	미사용	未使用	未使用	未使用	未使用	未使用	未使用	未使用	未使用	未使用	未使用
Thebel Lantern	世俗のランタン	세속의 랜턴	世俗之灯笼	世俗提燈	Thebel-Laterne	Farol de Thebel	Lanterne de Thebel	Lanterna di Thebel	Lampion Thebel	Lanterna de Thebel	Светильник из Тевеля	Thebel Feneri
Thebel Iron Fence	世俗の鉄柵	세속의 철책	世俗之铁栅	世俗鐵欄	Thebel-Eisenzaun	Valla de hierro de Thebel	Clôture fer de Thebel	Ringhiera di Thebel	Żelazny płot Thebel	Cerca de Thebel	Железный забор из Тевеля	Thebel Demir Çiti
未使用	未使用	미사용	未使用	未使用	未使用	未使用	未使用	未使用	未使用	未使用	未使用	未使用
Thebel Crystal	世俗の純結晶	세속의 순결정	世俗之纯结晶	世俗純結晶	Thebel-Kristall	Cristal de Thebel	Cristal de Thebel	Cristallo di Thebel	Kryształ Thebel	Cristal de Thebel	Кристалл из Тевеля	Thebel Kristali
未使用	未使用	미사용	未使用	未使用	未使用	未使用	未使用	未使用	未使用	未使用	未使用	未使用
未使用	未使用	미사용	未使用	未使用	未使用	未使用	未使用	未使用	未使用	未使用	未使用	未使用
Arqa Shell	奇顔の硬殻	기안의 단단한 껍질	奇颜之硬壳	奇顏硬殼	Arqa-Rüstung	Caparazón de Arqa	Carapace d'Arqa	Guscio di Arqa	Skorupa Arqa	Concha de Arqa	Ракушка из Арки	Arqa Kabuğu
Arqa Ivy	奇顔の蔦	기안의 덩굴	奇颜之藤蔓	奇顏蔦蘿	Arqa-Efeu	Hiedra de Arqa	Liane d'Arqa	Edera di Arqa	Bluszcz Arqa	Hera de Arqa	Плющ из Арки	Arqa Sarmaşığı
未使用	未使用	미사용	未使用	未使用	未使用	未使用	未使用	未使用	未使用	未使用	未使用	未使用
Arqa Luminary	奇顔の発光体	기안의 발광체	奇颜之发光体	奇顏發光體	Arqa-Leuchtkörper	Luminaria de Arqa	Luminaire d'Arqa	Luminaria di Arqa	Luminarz Arqa	Luminária de Arqa	Светило из Арки	Arqa Işığı
Arqa Wall Piece	奇顔の壁片	기안의 벽 파편	奇颜之墙壁碎片	奇顏壁片	Arqa-Wandstück	Pieza mural de Arqa	Morceau de mur d'Arqa	Pezzo di muro di Arqa	Dekoracja ścienna Arqa	Adorno de Arqa	Лепнина из Арки	Arqa Duvar Plakası
未使用	未使用	미사용	未使用	未使用	未使用	未使用	未使用	未使用	未使用	未使用	未使用	未使用
Arqa Gem	奇顔の結晶	기안의 결정	奇颜之结晶	奇顏結晶	Arqa-Juwel	Gema de Arqa	Gemme d'Arqa	Gemma di Arqa	Klejnot Arqa	Gema de Arqa	Драгоценность из Арки	Arqa Değerli Taşı
未使用	未使用	미사용	未使用	未使用	未使用	未使用	未使用	未使用	未使用	未使用	未使用	未使用
未使用	未使用	미사용	未使用	未使用	未使用	未使用	未使用	未使用	未使用	未使用	未使用	未使用
Arqa Mineral	奇顔の鉱物	기안의 광물	奇颜之矿物	奇顏礦物	Arqa-Mineral	Mineral de Arqa	Minéral d'Arqa	Minerale di Arqa	Minerał Arqa	Minério de Arqa	Минерал из Арки	Arqa Minerali
Arqa Vine	奇顔の大蔦	기안의 대형 덩굴	奇颜之粗藤	奇顏大蔦蘿	Arqa-Rebe	Enredadera de Arqa	Vigne d'Arqa	Rampicante di Arqa	Winorośl Arqa	Cipó de Arqa	Лоза из Арки	Arqa Asması
未使用	未使用	미사용	未使用	未使用	未使用	未使用	未使用	未使用	未使用	未使用	未使用	未使用
Arqa Sculpture	奇顔の彫刻	기안의 조각	奇颜之雕塑	奇顏雕刻	Arqa-Skulptur	Escultura de Arqa	Sculpture d'Arqa	Scultura di Arqa	Rzeźba Arqa	Escultura de Arqa	Скульптура из Арки	Arqa Heykeli
Arqa Luminous Shell	奇顔の発光殻	기안의 발광 껍질	奇颜之发光壳	奇顏發光殼	Arqa-Leuchtrüstung	Caparazón luminoso de Arqa	Carapace lueur d'Arqa	Guscio luminoso di Arqa	Lśniąca skorupa Arqa	Concha Rútila de Arqa	Сияющая ракушка из Арки	Parlak Arqa Kabuğu
未使用	未使用	미사용	未使用	未使用	未使用	未使用	未使用	未使用	未使用	未使用	未使用	未使用
Arqa Crystal	奇顔の純結晶	기안의 순결정	奇颜之纯结晶	奇顏純結晶	Arqa-Kristall	Cristal de Arqa	Cristal d'Arqa	Cristallo di Arqa	Kryształ Arqa	Cristal de Arqa	Кристалл из Арки	Arqa Kristali
未使用	未使用	미사용	未使用	未使用	未使用	未使用	未使用	未使用	未使用	未使用	未使用	未使用
未使用	未使用	미사용	未使用	未使用	未使用	未使用	未使用	未使用	未使用	未使用	未使用	未使用
Yabbashah Steel	無骨の鋼材	무골의 강재	鄙俗之钢材	庸俗鋼材	Yabbashah-Stahl	Acero de Yabbashah	Acier de Yabbashah	Acciaio di Yabbashah	Stal Yabbashah	Aço de Yabbashah	Сталь из Яббаши	Yabbashah Çeliği
Yabbashah Light	無骨の常夜灯	무골의 상야등	鄙俗之长明灯	庸俗常夜燈	Yabbashah-Licht	Luz de Yabbashah	Lumière de Yabbashah	Luce di Yabbashah	Światło Yabbashah	Luz de Yabbashah	Светильник из Яббаши	Yabbashah Işığı
未使用	未使用	미사용	未使用	未使用	未使用	未使用	未使用	未使用	未使用	未使用	未使用	未使用
Yabbashah Fuel Can	無骨の燃料缶	무골의 연료캔	鄙俗之燃料桶	庸俗燃料罐	Yabbashah-Benzinkanister	Bidón de Yabbashah	Carburant de Yabbashah	Carburante di Yabbashah	Kanister Yabbashah	Lata de Yabbashah	Канистра из Яббаши	Yabbashah Yakıt Bidonu
Yabbashah Arch	無骨のアーチ	무골의 아치	鄙俗之门拱	庸俗拱門	Yabbashah-Bogen	Arco de Yabbashah	Arche de Yabbashah	Arco di Yabbashah	Łuk Yabbashah	Arco de Yabbashah	Свод из Яббаши	Yabbashah Kemeri
未使用	未使用	미사용	未使用	未使用	未使用	未使用	未使用	未使用	未使用	未使用	未使用	未使用
Yabbashah Gem	無骨の結晶	무골의 결정	鄙俗之结晶	庸俗結晶	Yabbashah-Juwel	Gema de Yabbashah	Gemme de Yabbashah	Gemma di Yabbashah	Klejnot Yabbashah	Gema de Yabbashah	Драгоценность из Яббаши	Yabbashah Değerli Taşı
未使用	未使用	미사용	未使用	未使用	未使用	未使用	未使用	未使用	未使用	未使用	未使用	未使用
未使用	未使用	미사용	未使用	未使用	未使用	未使用	未使用	未使用	未使用	未使用	未使用	未使用
Yabbashah Iron Plate	無骨の鉄板	무골의 철판	鄙俗之铁板	庸俗鐵板	Yabbashah-Eisenplatte	Placa de hierro de Yabbashah	Plaque de fer Yabbashah	Lastra di ferro di Yabbashah	Żelazna płyta Yabbashah	Placa de Yabbashah	Лист стали из Яббаши	Yabbashah Demir Kaplaması
Yabbashah Column	無骨の円柱	무골의 기둥	鄙俗之圆柱	庸俗圓柱	Yabbashah-Säule	Columna de Yabbashah	Colonne de Yabbashah	Colonna di Yabbashah	Kolumna Yabbashah	Coluna de Yabbashah	Колонна из Яббаши	Yabbashah Sütunu
未使用	未使用	미사용	未使用	未使用	未使用	未使用	未使用	未使用	未使用	未使用	未使用	未使用
Yabbashah Cube	無骨のキューブ	무골의 큐브	鄙俗之立方体	庸俗立方體	Yabbashah-Kubus	Cubo de Yabbashah	Cube de Yabbashah	Cubo di Yabbashah	Kostka Yabbashah	Cubo de Yabbashah	Куб из Яббаши	Yabbashah Küpü
Yabbashah Flare	無骨の照明器具	무골의 조명기구	鄙俗之照明器具	庸俗照明用具	Yabbashah-Fackel	Fulgor de Yabbashah	Fusée de Yabbashah	Illuminazione di Yabbashah	Flara Yabbashah	Sinal de Yabbashah	Факел из Яббаши	Yabbashah Işığı
未使用	未使用	미사용	未使用	未使用	未使用	未使用	未使用	未使用	未使用	未使用	未使用	未使用
Yabbashah Crystal	無骨の純結晶	무골의 순결정	鄙俗之纯结晶	庸俗純結晶	Yabbashah-Kristall	Cristal de Yabbashah	Cristal de Yabbashah	Cristallo di Yabbashah	Kryształ Yabbashah	Cristal de Yabbashah	Кристалл из Яббаши	Yabbashah Kristali
未使用	未使用	미사용	未使用	未使用	未使用	未使用	未使用	未使用	未使用	未使用	未使用	未使用
未使用	未使用	미사용	未使用	未使用	未使用	未使用	未使用	未使用	未使用	未使用	未使用	未使用
Tziah Window Frame	豪奢の窓枠	호사의 창틀	奢豪之窗框	豪奢窗框	Tziah-Windrahmen	Marco de ventana de Tziah	Fenêtre de Tziah	Telaio da finestra di Tziah	Rama okienna Tziah	Esquadria de Tziah	Оконная рама из Ции	Tziah Çerçevesi
Tziah Ingot	豪奢のインゴット	호사의 잉곳	奢豪之矿锭	豪奢鑄錠	Tziah-Barren	Lingote de Tziah	Lingot de Tziah	Lingotto di Tziah	Sztabka Tziah	Lingote de Tziah	Слиток из Ции	Tziah Külçesi
未使用	未使用	미사용	未使用	未使用	未使用	未使用	未使用	未使用	未使用	未使用	未使用	未使用
Tziah Stone Pillar	豪奢の石柱	호사의 돌기둥	奢豪之石柱	豪奢石柱	Tziah-Steinsäule	Pilar de piedra de Tziah	Pilier de pierre Tziah	Pilastro di pietra di Tziah	Kamienny filar Tziah	Pilar de Tziah	Каменный столп из Ции	Tziah Taş Sütunu
Tziah Basin	豪奢の鉢	호사의 화분	奢豪之钵	豪奢缽器	Tziah-Basin	Pila de Tziah	Bassin de Tziah	Bacinella di Tziah	Miednica Tziah	Pia de Tziah	Чаша из Ции	Tziah Çanağı
未使用	未使用	미사용	未使用	未使用	未使用	未使用	未使用	未使用	未使用	未使用	未使用	未使用
Tziah Gem	豪奢の結晶	호사의 결정	奢豪之结晶	豪奢結晶	Tziah-Juwel	Gema de Tziah	Gemme de Tziah	Gemma di Tziah	Klejnot Tziah	Gema de Tziah	Драгоценность из Ции	Tziah Değerli Taşı
未使用	未使用	미사용	未使用	未使用	未使用	未使用	未使用	未使用	未使用	未使用	未使用	未使用
未使用	未使用	미사용	未使用	未使用	未使用	未使用	未使用	未使用	未使用	未使用	未使用	未使用
Tziah Carpet	豪奢の赤絨毯	호사의 붉은 융단	奢豪之红地毯	豪奢紅絨毯	Tziah-Teppich	Alfombra de Tziah	Tapis de Tziah	Tappeto di Tziah	Dywan Tziah	Tapete de Tziah	Ковер из Ции	Tziah Halısı
Tziah Wall Piece	豪奢の壁片	호사의 벽 파편	奢豪之墙壁碎片	豪奢壁片	Tziah-Wandstück	Pieza mural de Tziah	Pan de mur de Tziah	Pezzo di muro di Tziah	Dekoracja ścienna Tziah	Adorno de Tziah	Лепнина из Ции	Tziah Duvar Plakası
未使用	未使用	미사용	未使用	未使用	未使用	未使用	未使用	未使用	未使用	未使用	未使用	未使用
Tziah Gold Ornament	豪奢の金細工	호사의 금세공	奢豪之黄金工艺品	豪奢金工藝品	Tziah-Goldornament	Adorno dorado de Tziah	Ornement d'or de Tziah	Ornamento d'oro di Tziah	Złota ozdoba Tziah	Ourivesaria de Tziah	Золотое украшение из Ции	Altın Tziah Süsü
Tziah Pot	豪奢の鉢	호사의 화분	奢豪之钵	豪奢盆器	Tziah-Topf	Maceta de Tziah	Pot de Tziah	Vaso di Tziah	Naczynie Tziah	Pote de Tziah	Горшок Ция	Tziah Çanağı
未使用	未使用	미사용	未使用	未使用	未使用	未使用	未使用	未使用	未使用	未使用	未使用	未使用
Tziah Crystal	豪奢の純結晶	호사의 순결정	奢豪之纯结晶	豪奢純結晶	Tziah-Kristall	Cristal de Tziah	Cristal de Tziah	Cristallo di Tziah	Kryształ Tziah	Cristal de Tziah	Кристалл из Ции	Tziah Kristali
未使用	未使用	미사용	未使用	未使用	未使用	未使用	未使用	未使用	未使用	未使用	未使用	未使用
未使用	未使用	미사용	未使用	未使用	未使用	未使用	未使用	未使用	未使用	未使用	未使用	未使用
Harabah Ampoule	焦炎のアンプル	초염의 앰플	焦炎之安瓶	焦炎安瓿	Harabah-Ampulle	Ampolla de Harabah	Ampoule d'Harabah	Ampolla di Harabah	Ampułka Harabah	Ampola de Harabah	Пузырек из Харабы	Harabah Ampulü
Harabah Light Shard	焦炎の発光片	초염의 발광 조각	焦炎之发光片	焦炎發光片	Harabah-Lichtsplitter	Esquirla de luz de Harabah	Éclat de lueur Harabah	Frammento di Harabah	Lekki odłamek Harabah	Lasca de Harabah	Осколок из Харабы	Harabah Işık Parçacığı
未使用	未使用	미사용	未使用	未使用	未使用	未使用	未使用	未使用	未使用	未使用	未使用	未使用
Harabah Glass Eye	焦炎の小眼	초염의 작은 눈	焦炎之小眼	焦炎瞳孔	Harabah-Glasauge	Ojo de cristal de Harabah	Œil en verre d'Harabah	Occhio di vetro di Harabah	Szklane oko Harabah	Olho de Harabah	Стеклянный глаз из Харабы	Harabah Camgözü
Harabah Cloth	焦炎の薄布	초염의 얇은 천	焦炎之薄布	焦炎薄布	Harabah-Kleidung	Tela de Harabah	Tissu d'Harabah	Tessuto di Harabah	Tkanina Harabah	Tecido de Harabah	Ткань из Харабы	Harabah Kumaşı
未使用	未使用	미사용	未使用	未使用	未使用	未使用	未使用	未使用	未使用	未使用	未使用	未使用
Harabah Gem	焦炎の結晶	초염의 결정	焦炎之结晶	焦炎結晶	Harabah-Juwel	Gema de Harabah	Gemme d'Harabah	Gemma di Harabah	Klejnot Harabah	Gema de Harabah	Драгоценность из Харабы	Harabah Değerli Taşı
未使用	未使用	미사용	未使用	未使用	未使用	未使用	未使用	未使用	未使用	未使用	未使用	未使用
未使用	未使用	미사용	未使用	未使用	未使用	未使用	未使用	未使用	未使用	未使用	未使用	未使用
Harabah Wall Piece	焦炎の壁片	초염의 벽 파편	焦炎之墙壁碎片	焦炎壁片	Harabah-Wandstück	Pieza mural de Harabah	Pan de mur d'Harabah	Pezzo di muro di Harabah	Dekoracja ścienna Harabah	Adorno de Harabah	Лепнина из Харабы	Harabah Duvar Plakası
Harabah Discus	焦炎の円板	초염의 원판	焦炎之圆板	焦炎圓板	Harabah-Diskuss	Disco de Harabah	Disque d'Harabah	Disco di Harabah	Dysk Harabah	Disco de Harabah	Диск из Харабы	Harabah Diski
未使用	未使用	미사용	未使用	未使用	未使用	未使用	未使用	未使用	未使用	未使用	未使用	未使用
Harabah Glass Sphere	焦炎の大眼	초염의 큰 눈	焦炎之大眼	焦炎眼球	Harabah-Glassphäre	Esfera de cristal de Harabah	Sphère en verre d'Harabah	Palla di vetro di Harabah	Szklana kula Harabah	Esfera de Harabah	Стеклянная сфера из Харабы	Harabah Cam Küresi
Harabah Cube	焦炎のキューブ	초염의 큐브	焦炎之立方体	焦炎立方體	Harabah-Kubus	Cubo de Harabah	Cube d'Harabah	Cubo di Harabah	Kostka Harabah	Cubo de Harabah	Куб из Харабы	Harabah Küpü
未使用	未使用	미사용	未使用	未使用	未使用	未使用	未使用	未使用	未使用	未使用	未使用	未使用
Harabah Crystal	焦炎の純結晶	초염의 순결정	焦炎之纯结晶	焦炎純結晶	Harabah-Kristall	Cristal de Harabah	Cristal d'Harabah	Cristallo di Harabah	Kryształ Harabah	Cristal de Harabah	Кристалл из Харабы	Harabah Kristali
未使用	未使用	미사용	未使用	未使用	未使用	未使用	未使用	未使用	未使用	未使用	未使用	未使用
未使用	未使用	미사용	未使用	未使用	未使用	未使用	未使用	未使用	未使用	未使用	未使用	未使用
Adamah Wall Piece	憂鬱の壁片	우울의 벽 파편	忧郁之墙壁碎片	憂鬱壁片	Adamah-Wandstück	Pieza mural de Adamah	Morceau de mur d'Adamah	Pezzo di muro di Adamah	Dekoracja ścienna Adamah	Adorno de Adamah	Лепнина из Адамы	Adamah Duvar Plakası
Adamah Steel Pillar	憂鬱の鉄柱	우울의 쇠기둥	忧郁之铁柱	憂鬱鐵柱	Adamah-Stahlsäule	Pilar de acero de Adamah	Pilier acier d'Adamah	Pilastro d'acciaio di Adamah	Stalowy filar Adamah	Pilar de Adamah	Стальная колонна из Адамы	Adamah Çelik Sütun
未使用	未使用	미사용	未使用	未使用	未使用	未使用	未使用	未使用	未使用	未使用	未使用	未使用
Adamah Pyramid	憂鬱の三角錐	우울의 삼각뿔	忧郁之三角锥	憂鬱三角錐	Adamah-Pyramide	Pirámide de Adamah	Pyramide d'Adamah	Piramide di Adamah	Piramida Adamah	Pirâmide de Adamah	Пирамида из Адамы	Adamah Piramidi
Adamah Orb	憂鬱の浮遊球	우울의 부유구	忧郁之浮游球	憂鬱浮游球	Adamah-Kugel	Orbe de Adamah	Orbe d'Adamah	Sfera di Adamah	Kula Adamah	Orbe de Adamah	Сфера из Адамы	Adamah Küresi
未使用	未使用	미사용	未使用	未使用	未使用	未使用	未使用	未使用	未使用	未使用	未使用	未使用
Adamah Crystal	憂鬱の純結晶	우울의 순결정	忧郁之纯结晶	憂鬱純結晶	Adamah-Kristall	Cristal de Adamah	Cristal d'Adamah	Cristallo di Adamah	Kryształ Adamah	Cristal de Adamah	Кристалл из Адамы	Adamah Kristali
未使用	未使用	미사용	未使用	未使用	未使用	未使用	未使用	未使用	未使用	未使用	未使用	未使用
未使用	未使用	미사용	未使用	未使用	未使用	未使用	未使用	未使用	未使用	未使用	未使用	未使用
未使用	未使用	미사용	未使用	未使用	未使用	未使用	未使用	未使用	未使用	未使用	未使用	未使用
未使用	未使用	미사용	未使用	未使用	未使用	未使用	未使用	未使用	未使用	未使用	未使用	未使用
未使用	未使用	미사용	未使用	未使用	未使用	未使用	未使用	未使用	未使用	未使用	未使用	未使用
未使用	未使用	미사용	未使用	未使用	未使用	未使用	未使用	未使用	未使用	未使用	未使用	未使用
未使用	未使用	미사용	未使用	未使用	未使用	未使用	未使用	未使用	未使用	未使用	未使用	未使用
未使用	未使用	미사용	未使用	未使用	未使用	未使用	未使用	未使用	未使用	未使用	未使用	未使用
未使用	未使用	미사용	未使用	未使用	未使用	未使用	未使用	未使用	未使用	未使用	未使用	未使用
未使用	未使用	미사용	未使用	未使用	未使用	未使用	未使用	未使用	未使用	未使用	未使用	未使用
未使用	未使用	미사용	未使用	未使用	未使用	未使用	未使用	未使用	未使用	未使用	未使用	未使用
未使用	未使用	미사용	未使用	未使用	未使用	未使用	未使用	未使用	未使用	未使用	未使用	未使用
未使用	未使用	미사용	未使用	未使用	未使用	未使用	未使用	未使用	未使用	未使用	未使用	未使用
未使用	未使用	미사용	未使用	未使用	未使用	未使用	未使用	未使用	未使用	未使用	未使用	未使用
未使用	未使用	미사용	未使用	未使用	未使用	未使用	未使用	未使用	未使用	未使用	未使用	未使用
未使用	未使用	미사용	未使用	未使用	未使用	未使用	未使用	未使用	未使用	未使用	未使用	未使用
未使用	未使用	미사용	未使用	未使用	未使用	未使用	未使用	未使用	未使用	未使用	未使用	未使用
未使用	未使用	미사용	未使用	未使用	未使用	未使用	未使用	未使用	未使用	未使用	未使用	未使用
未使用	未使用	미사용	未使用	未使用	未使用	未使用	未使用	未使用	未使用	未使用	未使用	未使用
未使用	未使用	미사용	未使用	未使用	未使用	未使用	未使用	未使用	未使用	未使用	未使用	未使用
King of Beasts Fang	白獣王の牙	백수왕의 엄니	白兽王之牙	白獸王之牙	Königsbestienzähne	Colmillo del rey de bestias	Croc du roi des bêtes	Zanna del re delle bestie	Kieł króla bestii	Presa do Rei da Selva	Клык царя зверей	Canavarlar Kralının Köpek Dişi
Thunder Whetstone	雷神の砥石	번개신의 숫돌	雷神的砥石	雷神磨刀石	Donnerwetzstein	Piedra del trueno	Affuteuse du tonnerre	Cote del tuono	Osełka gromu	Amolador do Trovão	Точильный камень грома	Gök Gürültüsü Bileme Taşı
Hell's Muffler	地獄のマフラー	지옥의 머플러	地狱的围巾	地獄圍巾	Roter Schalldämpfer	Silenciador del infierno	Cache-col infernal	Silenziatore infernale	Piekielny szal	Cachecol do Inferno	Адский глушитель	Cehennem Kaşkolu
Second Hand of Fate	運命の秒針	운명의 초침	命运之秒针	命運秒針	Zweite Hand des Schicksals	Segunda mano del destino	Seconde main du destin	Seconda mano del fato	Druga dłoń losu	Segunda Mão do Fado	Вторая длань судьбы	Kaderin İkinci Eli
Immortal Angel Core	金剛天使のコア	금강천사의 코어	金刚天使之核心	金剛天使的核心	Unsterblicher Engelskern	Núcleo del ángel inmortal	Noyau d'ange immortel	Nucleo immortale dell'angelo	Nieśmiertelny anielski rdzeń	Cerne do Anjo Imortal	Ядро бессмертного ангела	Ölümsüz Melek Özü
Nibelung Ore	ニーベルング鉱石	니벨룽 광석	尼伯龙根矿石	尼貝龍根礦石	Nibelungenerz	Mineral nibelungo	Minerai de Nibelung	Minerale del Nibelungo	Ruda Nibelungu	Minério Nibelungo	Руда нибелунгов	Nibelung Cevheri
Eye of Wadjet	ウアジャトの目	우제트의 눈	瓦吉特之眼	瓦吉特之眼	Auge des Horus	Ojo de Wadjet	Œil de Wadjet	Occhio di Uadjet	Oko Wadjet	Udyat	Око Уаджит	Wadjet'in Gözü
未使用	未使用	미사용	未使用	未使用	未使用	未使用	未使用	未使用	未使用	未使用	未使用	未使用
Earth Goddess Ring	地母神の銀輪	지모신의 은륜	地母神的银环	地母神的銀輪	Erdgöttinring	Anillo de la diosa de la tierra	Anneau déesse de terre	Anello della dea terrestre	Pierścień bogini ziemi	Anel da Deusa-Mãe	Кольцо богини земли	Toprak Tanrıçası Yüzüğü
未使用	未使用	미사용	未使用	未使用	未使用	未使用	未使用	未使用	未使用	未使用	未使用	未使用
Shadow Lipstick	影女神の口紅	그림자여신의 연지	影女神的口红	影女神的口紅	Schattenlippenstift	Pintalabios sombrío	Rouge à lèvres sombre	Rossetto ombra	Cienista szminka	Batom Sombrio	Теневая помада	Gölge Ruju
Archangel Wings	大天使の赤翼	대천사의 붉은 날개	大天使的红翼	大天使的赤翼	Erzengelflügel	Alas de arcángel	Ailes d'archange	Ali dell'arcangelo	Skrzydła archanioła	Asas de Arcanjo	Крылья архангела	Baş Melek Kanatları
God Dragon Whiskers	四神主の龍髭	사신주의 용수염	四神之主的龙须	四神主的龍鬚	Gottesdrachenschnurrhaare	Bigotes del dios dragón	Vibrisses dieu dragon	Vibrisse del drago divino	Wąsy boga-smoka	Bigodes do Rei-Dragão	Вибриссы бога-дракона	Ejder Tanrı Bıyıkları
Rainbow Snake Scale	大虹蛇の鱗	대홍사의 비늘	大虹蛇的鳞片	大虹蛇之鱗	Regenbogenschlangenschuppe	Escama de serpiente arcoíris	Écaille serpent irisé	Scaglia della serpe arcobaleno	Łuska tęczowego węża	Escama do Arco-íris	Чешуя Радужного змея	Gökkuşağı Yılan Pulu
Mara's Head	マーラヘッド	마라헤드	魔罗之首	魔羅的頭	Maras Kopf	Cabeza de Mara	Tête de Mara	Testa di Mara	Głowa Mary	Cabeça do Mara	Голова Мары	Mara'nın Kafası
Goddess Water Lily	舞踊女神の睡蓮	무용여신의 수련	舞蹈女神的睡莲	舞蹈女神的睡蓮	Göttinnenwasserlilie	Nenúfar de la diosa	Nénuphar de la déesse	Giglio d'acqua divino	Wodna lilia bogini	Nenúfar da Deusa	Лилия водной богини	Tanrıça Nilüferi
Sword God Steel	剣神の玉鋼	검신의 옥강	剑神的玉钢	劍神的玉鋼	Schwertgottstahl	Dios de la espada de acero	Acier du dieu de l'épée	Acciaio del dio delle spade	Stal boga mieczy	Aço do Deus da Espada	Сталь бога меча	Kılıç Tanrısının Çeliği
Eyepatch of Wisdom	叡智の眼帯	예지의 안대	睿智的眼罩	睿智的眼罩	Weisheitsausgenklappe	Parche de la sabiduría	Cache-œil de sagesse	Benda della saggezza	Opaska mądrości na oko	Tapa-olho do Sábio	Глазная повязка мудрости	Bilgeliğin Göz Bandı
Preceptress Silk	導女の魔絹	도녀의 악마비단	引路女神的魔绢	導女的魔絹	Lehrseide	Seda preceptora	Soie de la préceptrice	Seta della precettrice	Jedwab mentora	Seda da Preceptora	Шелк наставницы	Kadın Öğretmen İpeği
Sacrifice God Wrap	贄神の包帯	제물신의 붕대	祭品之神的绷带	獻祭神的繃帶	Opfergötzenwickel	Envoltura del dios del sacrificio	Châle dieu du sacrifice	Benda del dio del sacrificio	Etola boga ofiary	Faixa do Deus Imolado	Плащаница жертвенника	Kurban Tanrısı Sargısı
Black Sun Candle	黒太陽の蝋燭	검은 태양의 양초	黑太阳的蜡烛	黑太陽的蠟燭	Schwarzsonnenkerze	Vela del sol negro	Bougie soleil noir	Candela del sole nero	Świeca czarnego słońca	Vela do Sol Negro	Свеча черного солнца	Siyah Güneş Mumu
Abyssal King Tooth	奈落王の大歯	나락왕의 엄니	深渊王的巨齿	奈洛王的巨齒	Abgrundkönigzahn	Diente del rey del abismo	Dent du roi abyssal	Dente del re abissale	Ząb króla otchłani	Dente do Rei Abissal	Зуб короля бездны	Okyanus Kralı Dişi
Jaw of Death	死神の顎	사신의 턱	死神之颚	死神之顎	Todesmaul	Mordaza de la muerte	Mâchoire de la mort	Mascella della morte	Szczęka śmierci	Mandíbula da Morte	Челюсть смерти	Ölümün Çenesi
Preservation Conch	維持神の法螺貝	유지신의 소라고둥	维持神的法螺	維持神的法螺貝	Alte Muschel	Concha de conservación	Conque de préservation	Conchiglia della conservazione	Muszla zachowania	Concha da Preservação	Раковина сохранности	Koruyucu Deniz Kabuğu
Emperor's Sake Cup	新皇の盃	신황의 술잔	新皇的酒杯	新皇之盃	Herrschersakepokal	Copa de sake del emperador	Coupe à saké impériale	Coppa da sake dell'imperatore	Naczynie na sake cesarza	Copo do Imperador	Императорский сосуд для саке	İmparatorun Sake Fincanı
Prayer Angel Garland	祈天使の花冠	기도천사의 화관	祈祷天使的花冠	祈天使的花冠	Gebetsengelskranz	Guirnalda del ángel del rezo	Feston d'ange prieur	Ghirlanda della preghiera	Girlanda anioła modlitwy	Grinalda do Arcanjo	Молитвенный венок ангела	Duacı Melek Çelengi
Lord of Flies Wings	蠅王の羽	파리왕의 날개	苍蝇王的翅膀	蠅王之翅	Flügel des Herrn der Fliegen	Alas del señor de las moscas	Ailes roi des mouches	Ali del signore delle mosche	Skrzydła władcy much	Asas do Sr. das Moscas	Крылья Повелителя мух	Sinekler Tanrısının Kanatları
Destroyer's Drums	破壊神の太鼓	파괴신의 태고	破坏神的太鼓	破壞神的太鼓	Zerstörertrommel	Tambores de la destrucción	Tambour du destructeur	Tamburi del distruttore	Bębny niszczyciela	Damrus do Destruidor	Барабаны разрушителя	Yok Edicinin Davulları
Black Pillar Shard	黒石柱の欠片	검은 돌기둥 파편	黑石柱的碎片	黑石柱的碎片	Schwarzsäulensplitter	Fragmento de pilar negro	Fragment pilier noir	Frammento di pilastro nero	Odłamek czarnego filaru	Lasca do Pilar Negro	Осколок черного столпа	Siyah Sütun Parçacığı
Carnage King's Gear	修羅王の法具	수라왕의 법구	修罗王的法器	修羅王的法器	Metzelkönigs Montur	Equipamiento del rey carnicero	Attirail roi du carnage	Attrezzatura del re carnefice	Sprzęt króla rzezi	Arma do Rei da Chacina	Снаряжение кровавого короля	Katliam Kralının Teçhizatı
Bull Warrior Horns	牛兵王の双角	우병왕의 쌍뿔	牛兵王的双角	牛兵王的雙角	Bullenkriegerhörner	Cuernos del toro de la guerra	Cornes guerrier taurin	Corna del toro	Rogi byczego wojownika	Chifres do Touro Bélico	Рога бычьего воина	Boğa Savaşçının Boynuzları
Contract Angel Wing	契約天使の銀翼	계약천사의 은날개	契约天使的银翼	契約天使的銀翼	Hochengelschwingen	Ala de ángel bajo contrato	Aile d'ange du contrat	Ala dell'angelo	Skrzydło tymczasowego anioła	Asa do Anjo Escriba	Крыло глашатая Бога	Sözleşme Meleği Kanadı
Fallen Angel Wing	堕天使の折翼	타천사의 꺾인 날개	堕天使的断翼	墮天使的折翼	Teufelsschwingen	Ala de ángel caído	Aile d'ange déchu	Ala dell'angelo caduto	Skrzydło upadłego anioła	Asa do Anjo Caído	Крыло падшего ангела	Düşmüş Melek Kanadı
Savior's Augite	救世主の輝石	구세주의 휘석	救世主的辉石	救世主的輝石	Erlösers Augit	Augita del salvador	Augite du sauveur	Augite del salvatore	Augit zbawcy	Augita do Salvador	Светило Спасителя	Kurtarıcının Ojiti
Susano-o's Cloth	須佐之男の荒布	스사노오의 거친 천	须佐之男的粗布	須佐之男的粗布	Susano-os Kleidung	Tela de Susanoo	Tissu de Susano-o	Tessuto di Susano-o	Tkanina Susano-o	Tecido de Susano-o	Полог Сусаноо	Susano-o'nun Kumaşı
Clay God Fragment	土偶神の破片	토우신의 파편	土偶神的碎片	土偶神的碎片	Lehmgottfragment	Fragmento del dios de barro	Fragment dieu d'argile	Frammento del re di creta	Fragment boga gliny	Caco do Deus do Barro	Частица глиняного бога	Kil Sütun Parçası
Wisdom King's Locks	明王の逆髪	명왕의 두발	明王的逆发	明王的逆髮	Weisheitskönigs Locken	Rizos del rey sabio	Verrous roi de sagesse	Ciocche del re della saggezza	Włosy króla wiedzy	Madeixas do Rei Sábio	Пряди мудрого короля	Bilgelik Kralının Bukleleri
Soul Sea Driblet	心海の雫	심해의 물방울	心海的水滴	心海之滴	Seelenseeträne	Adarme del mar de las almas	Écume de mer d'âmes	Gocciolina del mare dell'anima	Kropla morza duszy	Pingo do Mar de Almas	Росинка моря душ	Küçük Ruh Denizi Damlacığı
Soul Sea Droplet	心海の大きな雫	심해의 큰 물방울	心海的大水滴	大心海之滴	Seelenseetröpfchen	Gotita del mar de las almas	Gouttelette mer d'âmes	Goccina del mare dell'anima	Kropelka morza duszy	Gotinha do Mar de Almas	Капелька моря душ	Ruh Denizi Damlacığı
Soul Sea Drop	心海の煌めく雫	심해의 빛나는 물방울	心海的闪耀水滴	輝煌心海之滴	Seelenseetropfen	Gota del mar de las almas	Goutte de mer d'âmes	Goccia del mare dell'anima	Kropla morza duszy	Gota do Mar de Almas	Капля моря душ	Ruh Denizi Damlası
未使用	未使用	미사용	未使用	未使用	未使用	未使用	未使用	未使用	未使用	未使用	未使用	未使用
未使用	未使用	미사용	未使用	未使用	未使用	未使用	未使用	未使用	未使用	未使用	未使用	未使用
未使用	未使用	미사용	未使用	未使用	未使用	未使用	未使用	未使用	未使用	未使用	未使用	未使用
未使用	未使用	미사용	未使用	未使用	未使用	未使用	未使用	未使用	未使用	未使用	未使用	未使用
未使用	未使用	미사용	未使用	未使用	未使用	未使用	未使用	未使用	未使用	未使用	未使用	未使用
未使用	未使用	미사용	未使用	未使用	未使用	未使用	未使用	未使用	未使用	未使用	未使用	未使用
未使用	未使用	미사용	未使用	未使用	未使用	未使用	未使用	未使用	未使用	未使用	未使用	未使用
未使用	未使用	미사용	未使用	未使用	未使用	未使用	未使用	未使用	未使用	未使用	未使用	未使用
未使用	未使用	미사용	未使用	未使用	未使用	未使用	未使用	未使用	未使用	未使用	未使用	未使用
未使用	未使用	미사용	未使用	未使用	未使用	未使用	未使用	未使用	未使用	未使用	未使用	未使用
未使用	未使用	미사용	未使用	未使用	未使用	未使用	未使用	未使用	未使用	未使用	未使用	未使用
未使用	未使用	미사용	未使用	未使用	未使用	未使用	未使用	未使用	未使用	未使用	未使用	未使用
未使用	未使用	미사용	未使用	未使用	未使用	未使用	未使用	未使用	未使用	未使用	未使用	未使用
未使用	未使用	미사용	未使用	未使用	未使用	未使用	未使用	未使用	未使用	未使用	未使用	未使用
未使用	未使用	미사용	未使用	未使用	未使用	未使用	未使用	未使用	未使用	未使用	未使用	未使用
未使用	未使用	미사용	未使用	未使用	未使用	未使用	未使用	未使用	未使用	未使用	未使用	未使用
未使用	未使用	미사용	未使用	未使用	未使用	未使用	未使用	未使用	未使用	未使用	未使用	未使用
未使用	未使用	미사용	未使用	未使用	未使用	未使用	未使用	未使用	未使用	未使用	未使用	未使用
未使用	未使用	미사용	未使用	未使用	未使用	未使用	未使用	未使用	未使用	未使用	未使用	未使用
未使用	未使用	미사용	未使用	未使用	未使用	未使用	未使用	未使用	未使用	未使用	未使用	未使用
未使用	未使用	미사용	未使用	未使用	未使用	未使用	未使用	未使用	未使用	未使用	未使用	未使用
未使用	未使用	미사용	未使用	未使用	未使用	未使用	未使用	未使用	未使用	未使用	未使用	未使用
未使用	未使用	미사용	未使用	未使用	未使用	未使用	未使用	未使用	未使用	未使用	未使用	未使用
未使用	未使用	미사용	未使用	未使用	未使用	未使用	未使用	未使用	未使用	未使用	未使用	未使用
未使用	未使用	미사용	未使用	未使用	未使用	未使用	未使用	未使用	未使用	未使用	未使用	未使用
未使用	未使用	미사용	未使用	未使用	未使用	未使用	未使用	未使用	未使用	未使用	未使用	未使用
未使用	未使用	미사용	未使用	未使用	未使用	未使用	未使用	未使用	未使用	未使用	未使用	未使用
未使用	未使用	미사용	未使用	未使用	未使用	未使用	未使用	未使用	未使用	未使用	未使用	未使用
未使用	未使用	미사용	未使用	未使用	未使用	未使用	未使用	未使用	未使用	未使用	未使用	未使用
未使用	未使用	미사용	未使用	未使用	未使用	未使用	未使用	未使用	未使用	未使用	未使用	未使用
未使用	未使用	미사용	未使用	未使用	未使用	未使用	未使用	未使用	未使用	未使用	未使用	未使用
未使用	未使用	미사용	未使用	未使用	未使用	未使用	未使用	未使用	未使用	未使用	未使用	未使用
未使用	未使用	미사용	未使用	未使用	未使用	未使用	未使用	未使用	未使用	未使用	未使用	未使用
未使用	未使用	미사용	未使用	未使用	未使用	未使用	未使用	未使用	未使用	未使用	未使用	未使用
未使用	未使用	미사용	未使用	未使用	未使用	未使用	未使用	未使用	未使用	未使用	未使用	未使用
未使用	未使用	미사용	未使用	未使用	未使用	未使用	未使用	未使用	未使用	未使用	未使用	未使用
未使用	未使用	미사용	未使用	未使用	未使用	未使用	未使用	未使用	未使用	未使用	未使用	未使用
未使用	未使用	미사용	未使用	未使用	未使用	未使用	未使用	未使用	未使用	未使用	未使用	未使用
未使用	未使用	미사용	未使用	未使用	未使用	未使用	未使用	未使用	未使用	未使用	未使用	未使用
未使用	未使用	미사용	未使用	未使用	未使用	未使用	未使用	未使用	未使用	未使用	未使用	未使用
未使用	未使用	미사용	未使用	未使用	未使用	未使用	未使用	未使用	未使用	未使用	未使用	未使用
未使用	未使用	미사용	未使用	未使用	未使用	未使用	未使用	未使用	未使用	未使用	未使用	未使用
未使用	未使用	미사용	未使用	未使用	未使用	未使用	未使用	未使用	未使用	未使用	未使用	未使用
未使用	未使用	미사용	未使用	未使用	未使用	未使用	未使用	未使用	未使用	未使用	未使用	未使用
未使用	未使用	미사용	未使用	未使用	未使用	未使用	未使用	未使用	未使用	未使用	未使用	未使用
未使用	未使用	미사용	未使用	未使用	未使用	未使用	未使用	未使用	未使用	未使用	未使用	未使用
未使用	未使用	미사용	未使用	未使用	未使用	未使用	未使用	未使用	未使用	未使用	未使用	未使用
未使用	未使用	미사용	未使用	未使用	未使用	未使用	未使用	未使用	未使用	未使用	未使用	未使用
未使用	未使用	미사용	未使用	未使用	未使用	未使用	未使用	未使用	未使用	未使用	未使用	未使用
未使用	未使用	미사용	未使用	未使用	未使用	未使用		未使用	未使用	未使用	未使用	未使用
未使用	未使用	미사용	未使用	未使用	未使用	未使用		未使用	未使用	未使用	未使用	未使用
未使用	未使用	미사용	未使用	未使用	未使用	未使用		未使用	未使用	未使用	未使用	未使用
未使用	未使用	미사용	未使用	未使用	未使用	未使用		未使用	未使用	未使用	未使用	未使用
未使用	未使用	미사용	未使用	未使用	未使用	未使用		未使用	未使用	未使用	未使用	未使用
未使用	未使用	미사용	未使用	未使用	未使用	未使用		未使用	未使用	未使用	未使用	未使用
未使用	未使用	미사용	未使用	未使用	未使用	未使用		未使用	未使用	未使用	未使用	未使用
未使用	未使用	미사용	未使用	未使用	未使用	未使用		未使用	未使用	未使用	未使用	未使用
未使用	未使用	미사용	未使用	未使用	未使用	未使用		未使用	未使用	未使用	未使用	未使用
未使用	未使用	미사용	未使用	未使用	未使用	未使用		未使用	未使用	未使用	未使用	未使用
未使用	未使用	미사용	未使用	未使用	未使用	未使用		未使用	未使用	未使用	未使用	未使用
未使用	未使用	미사용	未使用	未使用	未使用	未使用		未使用	未使用	未使用	未使用	未使用
未使用	未使用	미사용	未使用	未使用	未使用	未使用		未使用	未使用	未使用	未使用	未使用
未使用	未使用	미사용	未使用	未使用	未使用	未使用		未使用	未使用	未使用	未使用	未使用
未使用	未使用	미사용	未使用	未使用	未使用	未使用		未使用	未使用	未使用	未使用	未使用
未使用	未使用	미사용	未使用	未使用	未使用	未使用		未使用	未使用	未使用	未使用	未使用
未使用	未使用	미사용	未使用	未使用	未使用	未使用		未使用	未使用	未使用	未使用	未使用
未使用	未使用	미사용	未使用	未使用	未使用	未使用		未使用	未使用	未使用	未使用	未使用
未使用	未使用	미사용	未使用	未使用	未使用	未使用		未使用	未使用	未使用	未使用	未使用
未使用	未使用	미사용	未使用	未使用	未使用	未使用		未使用	未使用	未使用	未使用	未使用
未使用	未使用	미사용	未使用	未使用	未使用	未使用		未使用	未使用	未使用	未使用	未使用
未使用	未使用	미사용	未使用	未使用	未使用	未使用		未使用	未使用	未使用	未使用	未使用
