flag	en	ja	ko	zh-Hans	zh-Hant	de	es	fr	it	pl	pt	ru	tr
0	未使用	未使用	미사용	未使用	未使用	未使用	未使用	未使用	未使用	未使用	未使用	未使用	未使用
1	Magic Hand	マジックハンド	매직 핸드	魔术之手	魔術之手	Magische Hand	Mano mágica	Main magique	Mano incantata	Magiczna dłoń	Mão Mágica	Волшебная рука	Büyülü El
1	Dancing Hand	ダンシングハンド	댄싱 핸드	舞动之手	舞蹈之手	Tanzende Hand	Mano bailarina	Main dansante	Mano danzante	Tańcząca dłoń	Mão Dançarina	Танцующая рука	Dans Eden El
1	Killing Hand	キリングハンド	킬링 핸드	杀戮之手	殺戮之手	Mordhand	Mano asesina	Main tueuse	Mano assassina	Zabójcza dłoń	Mão Assassina	Убивающая рука	Öldüren El
1	Almighty Hand	ゴッドハンド	갓 핸드	神之手	神之手	Allmächtige Hand	Mano todopoderosa	Main absolue	Mano onnipotente	Wszechmocna dłoń	Mão Onipotente	Всемогущая рука	Yüce El
1	Laughing Table	笑うテーブル	웃는 테이블	嬉笑之桌	訕笑桌	Lachender Tisch	Mesa risueña	Table hilare	Tavolo ridanciano	Prześmiewczy stół	Mesa Gargalhante	Смеющийся стол	Gülen Masa
1	Crying Table	泣くテーブル	우는 테이블	哭泣之桌	哭泣桌	Weinender Tisch	Mesa llorosa	Table éplorée	Tavolo piangente	Płaczący stół	Mesa Chorosa	Плачущий стол	Ağlayan Masa
1	Angry Table	怒るテーブル	화난 테이블	愤怒之桌	憤怒桌	Wütender Tisch	Mesa enfadada	Table enragée	Tavolo arrabbiato	Groźny stół	Mesa Irritada	Злой стол	Sinirli Masa
1	Sleeping Table	眠るテーブル	자는 테이블	沉眠之桌	睡眠桌	Schlafender Tisch	Mesa dormida	Table endormie	Tavolo dormiente	Śpiący stół	Mesa Sonolenta	Спящий стол	Uyuyan Masa
1	Magical Magus	マジカルマグス	매지컬 마구스	神奇术士	神奇魔術師	Magischer Magus	Mago mágico	Mage mystique	Mago incantatore	Magiczny mędrzec	Magus Mágico	Волшебный маг	Büyülü Büyücü
1	Wondrous Magus	ワンダーマグス	원더 마구스	惊奇术士	驚奇魔術師	Wundersamer Magus	Mago maravilloso	Mage merveilleux	Mago prodigioso	Cudowny mędrzec	Magus Assombroso	Чудесный маг	Harikulade Büyücü
1	Prime Magus	インテリマグス	인텔리 마구스	知识术士	知識魔術師	Erster Magus	Mago supremo	Mage supérieur	Mago d'élite	Wspaniały mędrzec	Magus Superior	Главный маг	Baş Büyücü
1	Grand Magus	グランドマグス	그랜드 마구스	伟大术士	偉大魔術師	Grand Magus	Gran mago	Grand mage	Mago supremo	Wielki mędrzec	Magus Grandioso	Великий маг	Büyük Büyücü
1	Cowardly Maya	臆病のマーヤ	두려움의 마야	懦弱之魔影	怯懦魔影	Feiger Maya	Maya cobarde	Maya lâche	Maya codarda	Tchórzliwa Maya	Maya Covarde	Трусливая Майя	Ödlek Maya
0	未使用	未使用	미사용	未使用	未使用	未使用	未使用	未使用	未使用	未使用	未使用	未使用	未使用
0	未使用	未使用	미사용	未使用	未使用	未使用	未使用	未使用	未使用	未使用	未使用	未使用	未使用
0	未使用	未使用	미사용	未使用	未使用	未使用	未使用	未使用	未使用	未使用	未使用	未使用	未使用
0	未使用	未使用	미사용	未使用	未使用	未使用	未使用	未使用	未使用	未使用	未使用	未使用	未使用
1	Muttering Tiara	囁くティアラ	속삭이는 티아라	低语宝冠	細語后冠	Murmelnde Tiara	Tiara murmurante	Tiare marmonnante	Tiara borbottante	Mamrocząca tiara	Tiara Murmurante	Бормочущая тиара	Söylenen Taç
1	Grieving Tiara	嘆くティアラ	한탄하는 티아라	悲叹宝冠	悲嘆后冠	Trauernde Tiara	Tiara afligida	Tiare éplorée	Tiara addolorata	Ubolewająca tiara	Tiara Lamentosa	Скорбящая тиара	Yas Tutan Taç
1	Writhing Tiara	蠢くティアラ	꿈틀대는 티아라	蠢动宝冠	蠢動后冠	Sich windende Tiara	Tiara retorcida	Tiare agonisante	Tiara attorcigliata	Wijąca się tiara	Tiara Definhante	Извивающаяся тиара	Kıvranan Taç
1	Shouting Tiara	叫ぶティアラ	고함치는 티아라	尖叫宝冠	尖叫后冠	Schreiende Tiara	Tiara ululante	Tiare hurlante	Tiara urlante	Krzycząca tiara	Tiara Gritante	Орущая тиара	Haykıran Taç
1	Spurious Book	偽りの聖典	거짓의 성전	虚伪圣典	虛偽聖典	Apokryphe	Libro espurio	Livre fallacieux	Testo spurio	Fałszywa księga	Livro Espúrio	Поддельная книга	Sahte Kitap
1	Maniacal Book	狂気の聖典	광기의 성전	疯狂圣典	瘋狂聖典	Buch des Wahnsinns	Libro maníaco	Livre dément	Testo delirante	Maniakalna księga	Livro Maníaco	Маниакальная книга	Manyak Kitap
1	Silent Book	沈黙の聖典	침묵의 성전	沉默圣典	沉默聖典	Buch des Schweigens	Libro silencioso	Livre silencieux	Testo silente	Cicha księga	Livro Silencioso	Тихая книга	Sessiz Kitap
1	Wrathful Book	怒りの聖典	분노의 성전	愤怒圣典	憤怒聖典	Buch des Zorns	Libro furioso	Livre colérique	Testo furioso	Gniewna księga	Livro Encolerizado	Яростная книга	Hiddetli Kitap
1	Tranquil Idol	静寂のマリア	정적의 마리아	寂静之圣母	寂靜聖母	Stille Götze	Ídolo sereno	Idole sereine	Idolo placido	Spokojny bożek	Ídolo Sereno	Идол спокойствия	Sakin Put
1	Liberating Idol	解放のマリア	해방의 마리아	解放之圣母	解放聖母	Befreiende Götze	Ídolo libertador	Idole libératrice	Idolo liberatore	Wyzwalający bożek	Ídolo Libertador	Идол освобождения	Özgürleştirici Put
1	Ruinous Idol	破壊のマリア	파괴의 마리아	破坏之圣母	破壞聖母	Verderbnisgötze	Ídolo de ruina	Idole funeste	Idolo in rovina	Zrujnowany bożek	Ídolo Ruinoso	Идол разрушения	Harap Edici Put
1	Vehement Idol	狂乱のマリア	광란의 마리아	狂乱之圣母	狂亂聖母	Wilde Götze	Ídolo vehemente	Idole véhémente	Idolo veemente	Gorliwy bożek	Ídolo Veemente	Идол неистовства	Hiddetli Put
1	Merciless Maya	残酷のマーヤ	잔혹의 마야	残酷之魔影	殘酷魔影	Gnadenloser Maya	Maya despiadada	Maya impitoyable	Maya spietata	Bezwzględna Maya	Maya Impiedoso	Безжалостная Майя	Acımasız Maya
0	未使用	未使用	미사용	未使用	未使用	未使用	未使用	未使用	未使用	未使用	未使用	未使用	未使用
0	未使用	未使用	미사용	未使用	未使用	未使用	未使用	未使用	未使用	未使用	未使用	未使用	未使用
0	未使用	未使用	미사용	未使用	未使用	未使用	未使用	未使用	未使用	未使用	未使用	未使用	未使用
0	未使用	未使用	미사용	未使用	未使用	未使用	未使用	未使用	未使用	未使用	未使用	未使用	未使用
1	Venus Eagle	ヴィーナスイーグル	비너스 이글	维纳斯之鹰	維納斯之鷹	Venusadler	Águila venus	Aigle de Vénus	Aquila Venere	Orzeł Wenus	Águia de Vênus	Орел Венеры	Venüs Kartalı
1	Dark Eagle	ダークイーグル	다크 이글	黑暗之鹰	黑暗之鷹	Dunkler Adler	Águila oscura	Aigle noir	Aquila oscura	Mroczny orzeł	Águia Sombria	Орел тьмы	Kara Kartal
1	Jupiter Eagle	ジュピターイーグル	주피터 이글	朱庇特之鹰	朱庇特之鷹	Jupiteradler	Águila júpiter	Aigle de Jupiter	Aquila Giove	Orzeł Jowisza	Águia de Júpiter	Орел Юпитера	Jüpiter Kartalı
1	Eternal Eagle	エターナルイーグル	이터널 이글	永恒之鹰	永恆之鷹	Ewiger Adler	Águila eterna	Aigle éternel	Aquila eterna	Wieczny orzeł	Águia Eterna	Орел вечности	Ebedi Kartal
1	Creation Relic	生成の彫像	생성의 조각상	创造之雕像	生成雕像	Relikt der Schöpfung	Reliquia de la creación	Relique de création	Reliquia creatrice	Relikt stworzenia	Relíquia da Criação	Статуя создания	Yaradılış Kalıntısı
1	Constancy Relic	維持の彫像	유지의 조각상	维持之雕像	維持雕像	Relikt der Konstanz	Reliquia de la constancia	Relique de constance	Reliquia costante	Relikt lojalności	Relíquia da Firmeza	Статуя постоянства	Değişmezlik Kalıntısı
1	Growth Relic	育成の彫像	육성의 조각상	培育之雕像	育成雕像	Relikt des Wachstums	Reliquia del crecimiento	Relique de croissance	Reliquia crescente	Relikt wzrostu	Relíquia da Expansão	Статуя роста	Gelişim Kalıntısı
1	Change Relic	変容の彫像	변모의 조각상	变化之雕像	變貌雕像	Relikt des Wandels	Reliquia del cambio	Relique de changement	Reliquia mutevole	Relikt zmiany	Relíquia da Mudança	Статуя изменений	Değişim Kalıntısı
1	Elegant Mother	イデアマザー	이데아 마더	理念之母	理念之母	Elegante Mutter	Madre elegante	Mère élégante	Madre elegante	Elegancka matka	Mãe Elegante	Элегантная матерь	Şık Anne
1	Regal Mother	スカルプマザー	스컬프 마더	掠夺之母	掠奪之母	Majestätische Mutter	Madre regia	Mère royale	Madre regale	Królewska matka	Mãe Suntuosa	Царственная матерь	Görkemli Anne
1	Pistil Mother	ピスティルマザー	피스틸 마더	雌蕊之母	雌蕊之母	Heilende Mutter	Madre del pistilo	Mère pistil	Madre pistillo	Słupkowa matka	Mãe Pistilar	Плодоносная матерь	Pistil Anne
1	Divine Mother	ディバインマザー	디바인 마더	神圣之母	神聖之母	Himmlische Mutter	Madre divina	Mère divine	Madre divina	Boska matka	Mãe Divina	Богоподобная матерь	İlahi Anne
1	Frivolous Maya	虚栄のマーヤ	허영의 마야	虚荣之魔影	虛榮魔影	Alberner Maya	Maya frívola	Maya frivole	Maya frivola	Frywolna Maya	Maya Frívolo	Легкомысленная Майя	Uçarı Maya
0	未使用	未使用	미사용	未使用	未使用	未使用	未使用	未使用	未使用	未使用	未使用	未使用	未使用
0	未使用	未使用	미사용	未使用	未使用	未使用	未使用	未使用	未使用	未使用	未使用	未使用	未使用
0	未使用	未使用	미사용	未使用	未使用	未使用	未使用	未使用	未使用	未使用	未使用	未使用	未使用
0	未使用	未使用	미사용	未使用	未使用	未使用	未使用	未使用	未使用	未使用	未使用	未使用	未使用
1	Grave Beetle	死甲蟲	사갑충	死甲虫	死甲蟲	Düsterer Käfer	Escarabajo de las tumbas	Scarabée des tombes	Coleottero funerario	Grobowy żuk	Besouro Coveiro	Жук-могильник	Mezar Böceği
1	Adamant Beetle	金剛蟲	금강충	金刚虫	金剛蟲	Eiserner Käfer	Escarabajo adamantino	Scarabée inflexible	Coleottero ostinato	Adamantowy żuk	Besouro Diamantino	Непоколебимый жук	Sert Böcek
1	Golden Beetle	黄金蟲	황금충	黄金虫	黃金蟲	Goldener Käfer	Escarabajo dorado	Scarabée doré	Coleottero d'oro	Złoty żuk	Besouro Dourado	Золотой жук	Altın Böcek
1	Emperor Beetle	帝王蟲	제왕충	帝王虫	帝王蟲	Kaiserkäfer	Escarabajo emperador	Scarabée empereur	Coleottero regnante	Żuk-cesarz	Besouro Imperador	Жук-император	İmparator Böcek
1	Avenger Knight	征服の騎士	정복의 기사	征服之骑士	征服騎士	Racheritter	Caballero vengador	Chevalier vengeur	Cavaliere vendicatore	Mściwy rycerz	Cavaleiro Vingador	Рыцарь-мститель	İntikamcı Şövalye
1	Champion Knight	凱旋の騎士	개선의 기사	凯旋之骑士	凱旋騎士	Ritterlicher Recke	Caballero campeón	Chevalier champion	Cavaliere campione	Rycerz-czempion	Cavaleiro Campeão	Рыцарь-чемпион	Şampiyon Şövalye
1	Hell Knight	地獄の騎士	지옥의 기사	地狱之骑士	地獄騎士	Höllenritter	Caballero infernal	Chevalier infernal	Cavaliere infernale	Piekielny rycerz	Cavaleiro Infernal	Адский рыцарь	Cehennem Şövalyesi
1	Intrepid Knight	不屈の騎士	불굴의 기사	不屈之骑士	不屈騎士	Kühner Ritter	Caballero intrépido	Chevalier intrépide	Cavaliere intrepido	Nieustraszony rycerz	Cavaleiro Intrépido	Отважный рыцарь	Korkusuz Şövalye
1	Solid Castle	ヘビーキャッスル	헤비 캐슬	重装城堡	重量城堡	Feste Burg	Castillo sólido	Château robuste	Castello solido	Solidny zamek	Castelo Sólido	Замок тверди	Sağlam Kale
1	Power Castle	パワーキャッスル	파워 캐슬	威力城堡	威力城堡	Machtburg	Castillo de poder	Château puissant	Castello potente	Zamek mocy	Castelo do Poder	Замок силы	Güçlü Kale
1	Death Castle	デスキャッスル	데스 캐슬	死亡城堡	死亡城堡	Todesburg	Castillo de la muerte	Château funeste	Castello mortale	Zamek śmierci	Castelo da Morte	Замок смерти	Ölüm Kalesi
1	King Castle	キングキャッスル	킹 캐슬	帝王城堡	王者城堡	Königsburg	Rey castillo	Château royal	Castello del re	Królewski zamek	Castelo do Rei	Королевский замок	Kral Kalesi
1	Haughty Maya	傲慢のマーヤ	오만의 마야	傲慢之魔影	傲慢魔影	Hochmütiger Maya	Maya arrogante	Maya hautain	Maya sprezzante	Harda Maya	Maya Altivo	Заносчивая Майя	Mağrur Maya
0	未使用	未使用	미사용	未使用	未使用	未使用	未使用	未使用	未使用	未使用	未使用	未使用	未使用
0	未使用	未使用	미사용	未使用	未使用	未使用	未使用	未使用	未使用	未使用	未使用	未使用	未使用
0	未使用	未使用	미사용	未使用	未使用	未使用	未使用	未使用	未使用	未使用	未使用	未使用	未使用
0	未使用	未使用	미사용	未使用	未使用	未使用	未使用	未使用	未使用	未使用	未使用	未使用	未使用
1	Trance Twins	トランスツインズ	트랜스 트윈스	恍惚之双子	恍惚雙胞胎	Zwillinge in Trance	Gemelos en trance	Jumeaux envoûtés	Gemelli in trance	Bliźnięta w transie	Gêmeos Hipnóticos	Близнецы транса	Transtaki İkizler
1	Killer Twins	キラーツインズ	킬러 트윈스	杀手之双子	殺手雙胞胎	Killerzwillinge	Gemelos asesinos	Jumeaux tueurs	Gemelli assassini	Zabójcze bliźnięta	Gêmeos Assassinos	Близнецы-убийцы	Katil İkizler
1	Death Twins	デスツインズ	데스 트윈스	死亡之双子	死亡雙胞胎	Todeszwillinge	Gemelos de la muerte	Jumeaux funestes	Gemelli mortali	Bliźnięta śmierci	Gêmeos Mortais	Близнецы смерти	Ölüm İkizleri
1	Crazy Twins	クレイジーツインズ	크레이지 트윈스	疯狂之双子	瘋狂雙胞胎	Irre Zwillinge	Gemelos locos	Jumeaux déments	Gemelli folli	Szalone bliźnięta	Gêmeos Loucos	Близнецы безумия	Deli İkizler
1	Corrupt Tower	堕落の塔	타락의 탑	堕落之塔	墮落之塔	Turm der Verderbnis	Torre corrupta	Tour corrompue	Torre corrotta	Zepsuta wieża	Torre Corrupta	Башня порчи	Yozlaşmış Kule
1	Dogmatic Tower	教条の塔	교조의 탑	教条之塔	教條之塔	Turm der Dogmatik	Torre dogmática	Tour dogmatique	Torre dogmatica	Wieża dogmatów	Torre Dogmática	Башня догмы	Dogmatik Kule
1	Apostate Tower	破戒の塔	파계의 탑	破戒之塔	破戒之塔	Turm der Apostasie	Torre apóstata	Tour apostate	Torre apostata	Wieża apostaty	Torre Apostática	Башня вероотступничества	Dönek Kule
1	Fanatic Tower	狂信の塔	광신의 탑	狂信之塔	狂信之塔	Turm der Besessenheit	Torre fanática	Tour fanatique	Torre fanatica	Fanatyczna wieża	Torre Fanática	Башня фанатизма	Bağnaz Kule
1	Blue Sigil	青のシジル	푸른 시지르	青之法印	藍印記	Blaues Siegel	Sello azul	Sceau bleu	Sigillo blu	Niebieska pieczęć	Sigilo Azul	Синий сигил	Mavi Mühür
1	Red Sigil	赤のシジル	붉은 시지르	赤之法印	紅印記	Rotes Siegel	Sello rojo	Sceau rouge	Sigillo rosso	Czerwona pieczęć	Sigilo Vermelho	Красный сигил	Kırmızı Mühür
1	Green Sigil	緑のシジル	초록 시지르	绿之法印	綠印記	Grünes Siegel	Sello verde	Sceau vert	Sigillo verde	Zielona pieczęć	Sigilo Verde	Зеленый сигил	Yeşil Mühür
1	White Sigil	白のシジル	하얀 시지르	白之法印	白印記	Weißes Siegel	Sello blanco	Sceau blanc	Sigillo bianco	Biała pieczęć	Sigilo Branco	Белый сигил	Beyaz Mühür
1	Indolent Maya	怠惰のマーヤ	나태의 마야	怠惰之魔影	怠惰魔影	Träger Maya	Maya indolente	Maya indolent	Maya indolente	Opieszała Maya	Maya Indolente	Ленивая Майя	Tembel Maya
0	未使用	未使用	미사용	未使用	未使用	未使用	未使用	未使用	未使用	未使用	未使用	未使用	未使用
0	未使用	未使用	미사용	未使用	未使用	未使用	未使用	未使用	未使用	未使用	未使用	未使用	未使用
0	未使用	未使用	미사용	未使用	未使用	未使用	未使用	未使用	未使用	未使用	未使用	未使用	未使用
0	未使用	未使用	미사용	未使用	未使用	未使用	未使用	未使用	未使用	未使用	未使用	未使用	未使用
1	Obsessed Cupid	狂愛のクビド	광애의 큐피드	狂爱之丘比特	狂愛邱比特	Besessener Liebesengel	Cupido obsesionado	Chérubin obstiné	Cupido ossessivo	Kupidyn z obsesją	Cupido Obcecado	Одержимый купидон	Takıntılı Aşk Tanrısı
1	Jealous Cupid	嫉妬のクビド	질투의 큐피드	嫉妒之丘比特	嫉妒邱比特	Eifersüchtiger Liebesengel	Cupido celoso	Cupidon jaloux	Cupido geloso	Zawistny kupidyn	Cupido Enciumado	Ревнивый купидон	Kıskanç Aşk Tanrısı
1	Devoted Cupid	偏愛のクビド	편애의 큐피드	偏爱之丘比特	偏愛邱比特	Hingebungsvoller Liebesengel	Cupido devoto	Cupidon dévoué	Cupido devoto	Oddany kupidyn	Cupido Dedicado	Преданный купидон	Sadık Aşk Tanrısı
1	Gracious Cupid	博愛のクビド	박애의 큐피드	博爱之丘比特	博愛邱比特	Gütiger Liebesengel	Cupido cortés	Cupidon gracieux	Cupido gentile	Łaskawy kupidyn	Cupido Cortez	Любезный купидон	Zarif Aşk Tanrısı
1	Lustful Snake	情欲の蛇	정욕의 뱀	情欲之蛇	情慾之蛇	Wollüstige Schlange	Serpiente lujuriosa	Serpent lubrique	Serpente lussurioso	Lubieżny wąż	Cobra Lasciva	Змей похоти	Şehvetli Yılan
1	Immoral Snake	愛欲の蛇	애욕의 뱀	爱欲之蛇	愛慾之蛇	Verdorbene Schlange	Serpiente inmoral	Serpent immoral	Serpente immorale	Niemoralny wąż	Cobra Imoral	Змей разврата	Ölümsüz Yılan
1	Carnal Snake	肉欲の蛇	육욕의 뱀	肉欲之蛇	肉慾之蛇	Sinnliche Schlange	Serpiente carnal	Serpent charnel	Serpente carnale	Zmysłowy wąż	Cobra Carnal	Змей плотских утех	Dünyevi Yılan
1	Amorous Snake	淫欲の蛇	음욕의 뱀	淫欲之蛇	淫慾之蛇	Verliebte Schlange	Serpiente apasionada	Serpent amoureux	Serpente sensuale	Kochający wąż	Cobra Amorosa	Змей любви	Aşık Yılan
1	Soul Dancer	ソウルダンサー	소울 댄서	灵魂舞者	靈魂舞者	Seelentänzer	Bailarines del alma	Danseur spirituel	Danzatore passionale	Tancerz duszy	Dançarino Anímico	Душевный танцор	Ruh Dansçı
1	Ardent Dancer	ライフダンサー	라이프 댄서	生命舞者	生命舞者	Lebhafter Tänzer	Bailarines apasionados	Danseur ardent	Danzatore fervente	Gorliwy tancerz	Dançarino Ardente	Пылкий танцор	Şevkli Dansçı
1	Royal Dancer	ロイヤルダンサー	로열 댄서	皇家舞者	皇家舞者	Königlicher Tänzer	Bailarines reales	Danseur royal	Danzatore regale	Królewski tancerz	Dançarino Régio	Королевский танцор	Asil Dansçı
1	Natural Dancer	クラリスダンサー	클라리스 댄서	绚烂舞者	清淨舞者	Klassischer Tänzer	Bailarines naturales	Danseur naturel	Danzatore naturale	Naturalny tancerz	Dançarino Nato	Прирожденный танцор	Doğal Dansçı
1	Insidious Maya	裏切りのマーヤ	배신의 마야	背叛之魔影	背叛魔影	Heimtückischer Maya	Maya traicionera	Maya insidieux	Maya insidiosa	Podstępna Maya	Maya Insidioso	Коварная Майя	Sinsi Maya
0	未使用	未使用	미사용	未使用	未使用	未使用	未使用	未使用	未使用	未使用	未使用	未使用	未使用
0	未使用	未使用	미사용	未使用	未使用	未使用	未使用	未使用	未使用	未使用	未使用	未使用	未使用
0	未使用	未使用	미사용	未使用	未使用	未使用	未使用	未使用	未使用	未使用	未使用	未使用	未使用
0	未使用	未使用	미사용	未使用	未使用	未使用	未使用	未使用	未使用	未使用	未使用	未使用	未使用
1	Bestial Wheel	リングフォート	링 포트	圆环之轮	連結之輪	Bestienrad	Rueda bestial	Roue bestiale	Ruota bestiale	Zwierzęce koło	Roda Bestial	Зверское колесо	Barbar Çark
1	Mach Wheel	マッハフォート	마하 포트	急速之轮	急速之輪	Schallrad	Rueda mach	Roue supersonique	Ruota ultrasonica	Koło Macha	Roda Acelerada	Машинное колесо	Mach Çarkı
1	Brave Wheel	ブレイブフォート	브레이브 포트	勇气之轮	勇氣之輪	Mutrad	Rueda valiente	Roue courageuse	Ruota intrepida	Dzielne koło	Roda Valente	Смелое колесо	Cesur Çark
1	Battle Wheel	バトルフォート	배틀 포트	战斗之轮	戰爭之輪	Streitrad	Rueda de batalla	Roue combative	Ruota da battaglia	Bitewne koło	Roda Bélica	Боевое колесо	Muharebe Çarkı
1	Wild Drive	ワイルドドライブ	와일드 드라이브	狂野装置	狂野驅力	Wilder Streitwagen	Vehículo salvaje	Char sauvage	Vettura selvaggia	Dziki robot	Ímpeto Feroz	Робот-дикарь	Vahşi Sürücü
1	Killer Drive	キラードライブ	킬러 드라이브	杀手装置	殺手驅力	Killer-Streitwagen	Vehículo asesino	Char tueur	Vettura assassina	Zabójczy robot	Ímpeto Assassino	Робот-убийца	Katil Sürücü
1	Slaughter Drive	スロータードライブ	슬로터 드라이브	屠杀装置	屠殺驅力	Schlacht-Streitwagen	Vehículo masacrador	Char carnassier	Vettura carnefice	Rzeźnicki robot	Ímpeto Carniceiro	Робот резни	Katliam Sürücüsü
1	Rampage Drive	バスタードライブ	버스터 드라이브	爆裂装置	炸裂驅力	Tobender Streitwagen	Vehículo desmadrado	Char violent	Vettura furiosa	Szaleńczy robot	Ímpeto Destruidor	Робот буйства	Öfkeli Sürücü
1	Arcane Turret	魔弾の砲座	마탄의 포좌	魔弹炮台	魔彈砲台	Arkanes Geschütz	Torreta arcana	Tourelle mystique	Torretta arcana	Tajemnicza wieżyczka	Torreta Arcana	Турель аркана	Gizli Taret
1	Scarlet Turret	真紅の砲座	진홍의 포좌	深红炮台	深紅砲台	Scharlachrotes Geschütz	Torreta escarlata	Tourelle écarlate	Torretta scarlatta	Szkarłatna wieżyczka	Torreta Escarlate	Алая турель	Kızıl Taret
1	Wicked Turret	邪悪の砲座	사악의 포좌	邪恶炮台	邪惡砲台	Verdorbenes Geschütz	Torreta perversa	Tourelle cruelle	Torretta maligna	Wariacka wieżyczka	Torreta Malévola	Злобная турель	Kötücül Taret
1	Hallowed Turret	洗礼の砲座	세례의 포좌	洗礼炮台	洗禮砲台	Geheiligtes Geschütz	Torreta bendita	Tourelle sanctifiée	Torretta consacrata	Uświęcona wieżyczka	Torreta Sacra	Священная турель	Kutsal Taret
1	Ill-Fated Maya	挫折のマーヤ	좌절의 마야	挫折之魔影	挫折魔影	Unseliger Maya	Maya condenada	Maya maudit	Maya sfortunata	Feralna Maya	Maya Desditoso	Злополучная Майя	Uğursuz Maya
0	未使用	未使用	미사용	未使用	未使用	未使用	未使用	未使用	未使用	未使用	未使用	未使用	未使用
0	未使用	未使用	미사용	未使用	未使用	未使用	未使用	未使用	未使用	未使用	未使用	未使用	未使用
0	未使用	未使用	미사용	未使用	未使用	未使用	未使用	未使用	未使用	未使用	未使用	未使用	未使用
0	未使用	未使用	미사용	未使用	未使用	未使用	未使用	未使用	未使用	未使用	未使用	未使用	未使用
1	Justice Sword	正義の剣	정의의 검	正义之剑	正義之劍	Schwert der Gerechtigkeit	Espada justiciera	Épée de justice	Spada della probità	Miecz sprawiedliwości	Espada da Justiça	Меч правосудия	Adalet Kılıcı
1	Conviction Sword	審判の剣	심판의 검	审判之剑	審判之劍	Schwert der Entschlossenheit	Espada de la convicción	Épée du châtiment	Spada della pena	Miecz skazania	Espada da Condenação	Меч осуждения	Hüküm Kılıcı
1	Judgment Sword	判決の剣	판결의 검	裁决之剑	判決之劍	Schwert des Urteils	Espada del juicio	Épée du jugement	Spada del giudizio	Miecz sądu	Espada do Julgamento	Меч суда	Karar Kılıcı
1	Doom Sword	断罪の剣	단죄의 검	断罪之剑	斷罪之劍	Schwert des Unheils	Espada de la perdición	Épée du destin	Spada della rovina	Miecz zagłady	Espada de Ruína	Меч судьбы	Kıyamet Kılıcı
1	Heat Balance	炎と氷のバランサー	불꽃과 얼음의 밸런서	炎冰天秤	炎冰天秤	Hitzewaage	Equilibrio de calor	Balance thermique	Bilancia del calore	Balans ciepła	Balança Térmica	Баланс тепла	Isı Dengesi
1	Sky Balance	雷と風のバランサー	번개와 바람의 밸런서	风雷天秤	雷風天秤	Himmelswaage	Equilibrio celestial	Balance céleste	Bilancia del cielo	Balans nieba	Balança Celeste	Баланс небес	Gökyüzü Dengesi
1	World Balance	全能のバランサー	전능의 밸런서	全能天秤	全能天秤	Weltwaage	Equilibrio mundial	Balance terrestre	Bilancia del mondo	Balans świata	Balança Terrestre	Баланс миров	Dünya Dengesi
1	Light Balance	光と闇のバランサー	빛과 어둠의 밸런서	光影天秤	光闇天秤	Lichtwaage	Equilibrio lumínico	Balance lumineuse	Bilancia della luce	Balans światła	Balança Sagrada	Баланс света	Işık Dengesi
1	Order Giant	均衡の巨人	균형의 거인	均衡之巨人	均衡巨人	Gigant der Macht	Gigante en orden	Géant de l'ordre	Gigante dell'ordine	Gigant porządku	Gigante da Ordem	Гигант порядка	Tarikat Devi
1	Stasis Giant	平衡の巨人	평형의 거인	平衡之巨人	平衡巨人	Gigant des Stillstands	Gigante en éxtasis	Géant de stase	Gigante della stasi	Gigant zastoju	Gigante da Estase	Гигант застоя	Yavaş Dev
1	Harmony Giant	調和の巨人	조화의 거인	调和之巨人	調和巨人	Gigant der Harmonie	Gigante en armonía	Géant d'harmonie	Gigante dell'unione	Gigant harmonii	Gigante da Harmonia	Гигант гармонии	Ahenk Devi
1	Void Giant	無の巨人	무의 거인	空无之巨人	無之巨人	Gigant der Leere	Gigante del vacío	Géant du vide	Gigante del vuoto	Gigant pustki	Gigante do Vazio	Гигант пустоты	Boşluk Devi
1	Bigoted Maya	偏見のマーヤ	편견의 마야	偏见之魔影	偏見魔影	Sturer Maya	Maya intolerante	Maya borné	Maya intollerante	Fanatyczna Maya	Maya Fanático	Лицемерная Майя	Bağnaz Maya
0	未使用	未使用	미사용	未使用	未使用	未使用	未使用	未使用	未使用	未使用	未使用	未使用	未使用
0	未使用	未使用	미사용	未使用	未使用	未使用	未使用	未使用	未使用	未使用	未使用	未使用	未使用
0	未使用	未使用	미사용	未使用	未使用	未使用	未使用	未使用	未使用	未使用	未使用	未使用	未使用
0	未使用	未使用	미사용	未使用	未使用	未使用	未使用	未使用	未使用	未使用	未使用	未使用	未使用
1	Black Raven	ブラックレイヴン	블랙 레이븐	漆黑之渡鸦	漆黑烏鴉	Schwarzer Rabe	Cuervo negro	Corneille noire	Corvo nero	Czarny kruk	Corvo Preto	Черный ворон	Kara Kuzgun
1	Vicious Raven	スマッシュレイヴン	스매시 레이븐	粉碎之渡鸦	粉碎烏鴉	Grausamer Rabe	Cuervo violento	Corneille cruelle	Corvo feroce	Narowisty kruk	Corvo Perverso	Порочный ворон	Saldırgan Kuzgun
1	Ice Raven	アイスレイヴン	아이스 레이븐	寒冰之渡鸦	寒冰烏鴉	Eisrabe	Cuervo de hielo	Corneille de glace	Corvo di ghiaccio	Lodowy kruk	Corvo de Gelo	Ледяной ворон	Buz Kuzgunu
1	Amenti Raven	アメンティレイヴン	아멘티 레이븐	冥界之渡鸦	地獄烏鴉	Amenti-Rabe	Cuervo amenti	Corneille Amenti	Corvo Amenti	Kruk Amenti	Corvo do Amenti	Ворон Аменти	Amenti Kuzgun
1	Phantom Mage	ファントムメイジ	팬텀 메이지	魅影法师	魅影法師	Phantommagier	Mago fantasmal	Mage fantôme	Mago fantasma	Widmowy mag	Mago Fantasmagórico	Призрачный маг	Hayalet Büyücü
1	Phantom Master	ファントムマスター	팬텀 마스터	魅影大师	魅影大師	Phantommeister	Maestro fantasmal	Maître fantôme	Maestro fantasma	Widmowy mistrz	Mestre Fantasmagórico	Призрачный господин	Hayalet Ustası
1	Phantom Lord	ファントムロード	팬텀 로드	魅影领主	魅影領主	Phantom-Lord	Señor fantasmal	Seigneur fantôme	Lord fantasma	Widmowy lord	Lorde Fantasmagórico	Призрачный лорд	Hayalet Tanrısı
1	Phantom King	ファントムキング	팬텀 킹	魅影之王	魅影之王	Phantomkönig	Rey fantasmal	Roi fantôme	Monarca fantasma	Widmowy król	Rei Fantasmagórico	Призрачный король	Hayalet Kralı
1	Death Seeker	デスサーチャー	데스 서처	死亡搜寻者	死亡巡捕	Todessucher	Buscamuertes	Traqueur de mort	Cercatore di morte	Poszukiwacz śmierci	Caçador da Morte	Искатель смерти	Ölüm Arayan
1	Fate Seeker	フェイトサーチャー	페이트 서처	命运搜寻者	命運巡捕	Schicksalssucher	Buscadestinos	Traqueur du sort	Cercatore del fato	Poszukiwacz losu	Caçador do Destino	Искатель судьбы	Kader Arayan
1	Noble Seeker	ノーブルサーチャー	노블 서처	高贵搜寻者	高貴巡捕	Edle Sucher	Buscanobles	Traqueur noble	Cercatore nobile	Szlachetny poszukiwacz	Caçador Nobre	Искатель благородства	Soylu Arayan
1	Acheron Seeker	アケロンサーチャー	아케론 서처	黄泉搜寻者	黃泉巡捕	Acheron-Sucher	Buscador del Aqueronte	Traqueur d'Achéron	Cercatore Acheronte	Poszukiwacz acheronu	Caçador do Aqueronte	Искатель Ахерона	Akheron Arayan
1	Desirous Maya	貪欲のマーヤ	탐욕의 마야	贪婪之魔影	貪婪魔影	Lüsterner Maya	Maya deseosa	Maya gourmand	Maya smaniosa	Pożądliwa Maya!	Maya Desejoso	Жаждущая Майя	Hırslı Maya
0	未使用	未使用	미사용	未使用	未使用	未使用	未使用	未使用	未使用	未使用	未使用	未使用	未使用
0	未使用	未使用	미사용	未使用	未使用	未使用	未使用	未使用	未使用	未使用	未使用	未使用	未使用
0	未使用	未使用	미사용	未使用	未使用	未使用	未使用	未使用	未使用	未使用	未使用	未使用	未使用
0	未使用	未使用	미사용	未使用	未使用	未使用	未使用	未使用	未使用	未使用	未使用	未使用	未使用
1	Bronze Dice	ブロンズダイス	브론즈 다이스	青铜之骰	青銅骰子	Bronzewürfel	Dado de bronce	Dé de bronze	Dado di bronzo	Brązowa kostka	Dado de Bronze	Бронзовые кости	Bronz Zar
1	Iron Dice	アイアンダイス	아이언 다이스	钢铁之骰	鋼鐵骰子	Eisenwürfel	Dado de hierro	Dé de fer	Dado di ferro	Żelazna kostka	Dado de Ferro	Железные кости	Demir Zar
1	Silver Dice	シルバーダイス	실버 다이스	白银之骰	白銀骰子	Silberwürfel	Dado de plata	Dé d'argent	Dado d'argento	Srebrna kostka	Dado de Prata	Серебряные кости	Gümüş Zar
1	Platinum Dice	プラチナダイス	플래티나 다이스	白金之骰	白金骰子	Platinwürfel	Dado de platino	Dé de platine	Dado di platino	Platynowa kostka	Dado de Platina	Платиновые кости	Platin Zar
1	Mind Dice	精神のダイス	정신의 다이스	精神之骰	精神骰子	Geistwürfel	Dado mental	Dé mental	Dado della mente	Kość umysłu	Dado da Mente	Кости сознания	Akıl Zarı
1	Curse Dice	呪いのダイス	저주의 다이스	诅咒之骰	詛咒骰子	Fluchwürfel	Dado maldito	Dé maudit	Dado della sventura	Kość klątwy	Dado da Maldição	Кости проклятия	Lanet Zarı
1	Death Dice	死のダイス	죽음의 다이스	死亡之骰	死亡骰子	Todeswürfel	Dado mortal	Dé mortel	Dado della morte	Kość śmierci	Dado da Morte	Кости смерти	Ölüm Zarı
1	Reckoning Dice	天罰のダイス	천벌의 다이스	天罚之骰	天譴骰子	Rachewürfel	Dado del juicio final	Dé du jugement	Dado del giudizio	Kość rozrachunku	Dado da Punição	Кости расплаты	Hesaplaşma Zarı
1	Flowing Sand	時の砂時計	시간의 모래시계	时间沙漏	時間沙漏	Fließender Sand	Arena que fluye	Sable du temps	Sabbia fluida	Płynący piasek	Areia Corrente	Текущий песок	Akan Kum
1	Perpetual Sand	恒久の砂時計	항구의 모래시계	恒久沙漏	恆久沙漏	Beständiger Sand	Arena perpetua	Sable perpétuel	Sabbia perpetua	Bezustanny piasek	Areia Perpétua	Непрерывный песок	Daimi Kum
1	Infinite Sand	無限の砂時計	무한의 모래시계	无限沙漏	無限沙漏	Unendlicher Sand	Arena infinita	Sable infini	Sabbia infinita	Nieskończony piasek	Areia Infinita	Бесконечный песок	Sonsuz Kum
1	Eternal Sand	永遠の砂時計	영원의 모래시계	永恒沙漏	永恆沙漏	Ewiger Sand	Arena eterna	Sable éternel	Sabbia eterna	Wieczny piasek	Areia Eterna	Вечный песок	Ebedi Kum
1	Imprudent Maya	誤算のマーヤ	오산의 마야	失算之魔影	誤算魔影	Ungestümer Maya	Maya imprudente	Maya imprudent	Maya imprudente	Nieroztropna Maya	Maya Imprudente	Опрометчивая Майя	Tedbirsiz Maya
0	未使用	未使用	미사용	未使用	未使用	未使用	未使用	未使用	未使用	未使用	未使用	未使用	未使用
0	未使用	未使用	미사용	未使用	未使用	未使用	未使用	未使用	未使用	未使用	未使用	未使用	未使用
0	未使用	未使用	미사용	未使用	未使用	未使用	未使用	未使用	未使用	未使用	未使用	未使用	未使用
0	未使用	未使用	미사용	未使用	未使用	未使用	未使用	未使用	未使用	未使用	未使用	未使用	未使用
1	Hakurou Musha	白狼の武者	백랑의 무사	白狼之武者	白狼武者	Hakurou Musha	Hakurou musha	Hakurou Musha	Hakurou Musha	Hakurou Musha	Hakurou Musha	Самурай Хакуро	Hakurou Musha
1	Kaiden Musha	皆伝の武者	통달의 무사	宗师之武者	真傳武者	Kaiden Musha	Kaiden musha	Kaiden Musha	Kaiden Musha	Kaiden Musha	Kaiden Musha	Самурай Кайдэн	Kaiden Musha
1	Onnen Musha	怨念の武者	원념의 무사	怨念之武者	怨念武者	Onnen Musha	Onnen musha	Onnen Musha	Onnen Musha	Onnen Musha	Onnen Musha	Самурай Оннэн	Onnen Musha
1	Tenjin Musha	天神の武者	천신의 무사	天神之武者	天神武者	Tenjin Musha	Tenjin musha	Tenjin Musha	Tenjin Musha	Tenjin Musha	Tenjin Musha	Самурай Тэндзин	Tenjin Musha
1	Daring Gigas	闘魂のギガス	투혼의 기가스	斗魂之巨灵	鬥魂巨靈	Verwegener Gigas	Gigas osado	Gigas téméraire	Gigas temerario	Brawurowy gigas	Gigas Afrontoso	Лихой великан	Cüretkar Gigas
1	Steel Gigas	鋼鉄のギガス	강철의 기가스	钢铁之巨灵	鋼鐵巨靈	Stahlgigas	Gigas de acero	Gigas en acier	Gigas d'acciaio	Stalowy gigas	Gigas de Aço	Стальной великан	Çelik Gigas
1	Furious Gigas	激震のギガス	격진의 기가스	激震之巨灵	激震巨靈	Rasender Gigas	Gigas furioso	Gigas furieux	Gigas furioso	Wściekły gigas	Gigas Furioso	Разъяренный великан	Öfkeli Gigas
1	Mythical Gigas	神話のギガス	신화의 기가스	神话之巨灵	神話巨靈	Mythischer Gigas	Gigas mítico	Gigas mythique	Gigas mitico	Mityczny gigas	Gigas Mítico	Мифический великан	Efsanevi Gigas
1	Wild Beast	ハンドルアニマル	핸들 애니멀	操控之兽	馴化獅	Wilde Bestie	Bestia salvaje	Bête sauvage	Bestia selvaggia	Dzika bestia	Fera Selvagem	Дикий зверь	Vahşi Canavar
1	Enslaved Beast	スレイヴアニマル	슬레이브 애니멀	奴役之兽	奴隸獅	Versklavte Bestie	Bestia esclavizada	Bête asservie	Bestia schiava	Zniewolona bestia	Fera Escravizada	Порабощенный зверь	Esir Canavar
1	Mighty Beast	フォースアニマル	포스 애니멀	强迫之兽	力量獅	Mächtige Bestie	Bestia poderosa	Bête puissante	Bestia poderosa	Potężna bestia	Fera Poderosa	Могучий зверь	Güçlü Canavar
1	Nemean Beast	ネメアンアニマル	네메안 애니멀	尼米亚之兽	尼米亞獅	Nemean-Bestie	Bestia Nemea	Bête de Némée	Bestia di Nemea	Nemeańska bestia	Fera de Nemeia	Немейский зверь	Nemea Canavarı
1	Visceral Maya	本性のマーヤ	본성의 마야	本性之魔影	本性魔影	Instinktiver Maya	Maya visceral	Maya viscéral	Maya viscerale	Instynktowna Maya	Maia Visceral	Грубая Майя	İlkel Maya
0	未使用	未使用	미사용	未使用	未使用	未使用	未使用	未使用	未使用	未使用	未使用	未使用	未使用
0	未使用	未使用	미사용	未使用	未使用	未使用	未使用	未使用	未使用	未使用	未使用	未使用	未使用
0	未使用	未使用	미사용	未使用	未使用	未使用	未使用	未使用	未使用	未使用	未使用	未使用	未使用
0	未使用	未使用	미사용	未使用	未使用	未使用	未使用	未使用	未使用	未使用	未使用	未使用	未使用
1	Minotaur IV	ミノタウロス四号	미노타우로스 4호	牛头人四号	牛頭人四號	Minotaur IV	Minotauro IV	Minotaure IV	Minotauro IV	Minotaur IV	Minotauro IV	Минотавр IV	IV. Minotor
1	Minotaur III	ミノタウロス参号	미노타우로스 3호	牛头人三号	牛頭人三號	Minotaur III	Minotauro III	Minotaure III	Minotauro III	Minotaur III	Minotauro III	Минотавр III	III. Minotor
1	Minotaur II	ミノタウロス弐号	미노타우로스 2호	牛头人二号	牛頭人二號	Minotaur II	Minotauro II	Minotaure II	Minotauro II	Minotaur II	Minotauro II	Минотавр II	II. Minotor
1	Minotaur I	ミノタウロス壱号	미노타우로스 1호	牛头人一号	牛頭人一號	Minotaur I	Minotauro II	Minotaure I	Minotauro I	Minotaur I	Minotauro I	Минотавр I	I. Minotor
1	Jotun of Power	力のヘカトンケイル	힘의 헤카톤케일	力之百臂巨人	力量百臂巨人	Jotun der Macht	Jotun del poder	Jötunn du pouvoir	Jotun del potere	Jotun mocy	Jotun do Poder	Йотун силы	Güç Jotunu
1	Jotun of Blood	血のヘカトンケイル	피의 헤카톤케일	血之百臂巨人	血腥百臂巨人	Jotun des Blutes	Jotun de la sangre	Jötunn du sang	Jotun del sangue	Jotun krwi	Jotun do Sangue	Йотун крови	Kan Jotunu
1	Jotun of Evil	魔のヘカトンケイル	마의 헤카톤케일	魔之百臂巨人	魔力百臂巨人	Jotun des Bösen	Jotun del mal	Jötunn du mal	Jotun del male	Jotun zła	Jotun do Mal	Йотун зла	Kötülük Jotunu
1	Jotun of Grief	哀のヘカトンケイル	슬픔의 헤카톤케일	哀之百臂巨人	哀悽百臂巨人	Jotun der Trauer	Jotun del dolor	Jötunn du deuil	Jotun del dolore	Jotun żałoby	Jotun do Pesar	Йотун скорби	Keder Jotunu
1	Mighty Cyclops	豪腕のキュクロプス	완력의 키클롭스	豪腕独眼巨人	豪腕獨眼巨人	Mächtiger Zyklop	Cíclope poderoso	Cyclope puissant	Ciclope possente	Potężny cyklop	Ciclope Poderoso	Могучий циклоп	Güçlü Tepegöz
1	Mad Cyclops	狂気のキュクロプス	광기의 키클롭스	疯狂独眼巨人	瘋狂獨眼巨人	Irrer Zyklop	Cíclope loco	Cyclope fou	Ciclope folle	Zły cyklop	Ciclope Louco	Безумный циклоп	Deli Tepegöz
1	Fierce Cyclops	憤怒のキュクロプス	분노의 키클롭스	愤怒独眼巨人	憤怒獨眼巨人	Wilder Zyklop	Cíclope feroz	Cyclope féroce	Ciclope feroce	Zawzięty cyklop	Ciclope Feroz	Яростный циклоп	Azılı Tepegöz
1	Chaos Cyclops	混沌のキュクロプス	혼돈의 키클롭스	混沌独眼巨人	混沌獨眼巨人	Chaos-Zyklop	Cíclope del caos	Cyclope chaotique	Ciclope caotico	Cyklop chaosu	Ciclope Caótico	Циклоп хаоса	Kaos Tepegöz
1	Devious Maya	犠牲のマーヤ	희생의 마야	牺牲之魔影	犧牲魔影	Verschlagener Maya	Maya taimada	Maya perfide	Maya infida	Przebiegła Maya	Maya Diabólico	Лукавая Майя	Üçkağıtçı Maya
0	未使用	未使用	미사용	未使用	未使用	未使用	未使用	未使用	未使用	未使用	未使用	未使用	未使用
0	未使用	未使用	미사용	未使用	未使用	未使用	未使用	未使用	未使用	未使用	未使用	未使用	未使用
0	未使用	未使用	미사용	未使用	未使用	未使用	未使用	未使用	未使用	未使用	未使用	未使用	未使用
0	未使用	未使用	미사용	未使用	未使用	未使用	未使用	未使用	未使用	未使用	未使用	未使用	未使用
1	Wealth Hand	宝物の手	보물의 손	宝物之手	寶物之手	Reiche Hand	Mano rica	Main de richesse	Mano prospera	Dłoń bogactwa	Mão da Fortuna	Рука богатства	Servet Eli
1	Treasure Hand	財宝の手	재보의 손	财宝之手	財寶之手	Schatzhand	Mano del tesoro	Main au trésor	Mano del tesoro	Wartościowa dłoń	Mão do Tesouro	Рука сокровища	Hazine Eli
1	Supreme Hand	至高の手	지고의 손	至高之手	至高之手	Oberste Hand	Mano suprema	Main suprême	Mano suprema	Najwyższa dłoń	Mão Suprema	Величайшая рука	Yüce El
1	Opulent Hand	全盛の手	전성의 손	全盛之手	全盛之手	Opulente Hand	Mano opulenta	Main opulente	Mano opulenta	Zamożna dłoń	Mão Opulenta	Шикарная рука	Bereketli El
1	Luxury Hand	栄華の手	영화의 손	荣华之手	榮華之手	Luxushand	Mano lujosa	Main de luxe	Mano lussuosa	Luksusowa dłoń	Mão Luxuosa	Роскошная рука	Lüks El
1	Glorious Hand	栄光の手	영광의 손	荣光之手	榮光之手	Ruhmreiche Hand	Mano gloriosa	Main glorieuse	Mano gloriosa	Chwalebna dłoń	Mão Gloriosa	Славная рука	Şanlı El
1	Shining Hand	黄金の手	황금의 손	黄金之手	黃金之手	Leuchtende Hand	Mano brillante	Main étincelante	Mano splendente	Błyszcząca dłoń	Mão Brilhante	Блестящая рука	Parlayan El
1	Precious Hand	秘蔵の手	비장의 손	秘藏之手	祕藏之手	Kostbare Hand	Mano preciosa	Main précieuse	Mano preziosa	Cenna dłoń	Mão Preciosa	Ценная рука	Kıymetli El
1	Invaluable Hand	稀代の手	희대의 손	稀世之手	稀世之手	Unschätzbare Hand	Mano inestimable	Main inestimable	Mano inestimabile	Bezcenna dłoń	Mão Inestimável	Бесценная рука	Değersiz El
1	Ethereal Hand	絶世の手	절세의 손	绝代之手	絕世之手	Himmlische Hand	Mano etérea	Main éthérée	Mano eterea	Eteryczna dłoń	Mão Etérea	Бесплотная рука	Ruhani El
1	Miracle Hand	奇跡の手	기적의 손	奇迹之手	奇蹟之手	Wunderhand	Mano milagrosa	Main miraculeuse	Mano miracolosa	Cudowna dłoń	Mão Milagrosa	Чудесная рука	Mucize El
0	未使用	未使用	미사용	未使用	未使用	未使用	未使用	未使用	未使用	未使用	未使用	未使用	未使用
0	未使用	未使用	미사용	未使用	未使用	未使用	未使用	未使用	未使用	未使用	未使用	未使用	未使用
0	未使用	未使用	미사용	未使用	未使用	未使用	未使用	未使用	未使用	未使用	未使用	未使用	未使用
0	未使用	未使用	미사용	未使用	未使用	未使用	未使用	未使用	未使用	未使用	未使用	未使用	未使用
3	The Reaper	刈り取るもの	거둬들이는 자	猎杀者	獵殺者	Der Reaper	El segador	La Faucheuse	Il Mietitore	Żniwiarz	O Ceifador	Жнец	Ölüm Meleği
3	Cowardly Maya A	臆病のマーヤ	두려움의 마야	懦弱之魔影	怯懦魔影	Feiger Maya	Maya cobarde	Maya lâche	Maya codarda	Tchórzliwa Maya	Maya Covarde	Трусливая Майя	Ödlek Maya
2	Ruthless Ice Raven	冷酷のアイスレイヴン	냉혹의 아이스 레이븐	冷酷的寒冰之渡鸦	冷酷寒冰烏鴉	Gnadenloser Eisrabe	Cuervo de hielo despiadado	Corneille de glace impitoyable	Corvo di ghiaccio spietato	Bezwzględny lodowy kruk	Corvo de Gelo Cruel	Беспощадный ледяной ворон	Gaddar Buz Kuzgunu
2	Barbaric Beast Wheel	蛮勇の獣車輪	만용의 수차륜	蛮勇兽车轮	勇猛獸車輪	Barbarisches Bestienrad	Rueda bestial bárbara	Roue de la Bête barbare	Ruota bestiale barbarica	Barbarzyńskie zwierzęce koło	Roda Feral Bárbara	Варварское животное колесо	Barbar Canavar Çarkı
2	Magic Hand B	マジックハンド	매직 핸드	魔术之手	魔術之手	Magische Hand	Mano mágica	Main magique	Mano incantata	Magiczna dłoń	Mão Mágica	Волшебная рука	Büyülü El
2	Swift Axle	疾駆の回転軸	쾌주의 회전축	疾驰之转轴	疾馳旋轉軸	Tempoachse	Eje veloz	Hache fulgurante	Asse agile	Prędki topór	Eixo Veloz	Стремительная ось	Hızlı Dingil
2	Steel Gigas B	鋼鉄のギガス	강철의 기가스	钢铁之巨灵	鋼鐵巨靈	Stahlgigas	Gigas de acero	Gigas en acier	Gigas d'acciaio	Stalowy gigas	Gigas de Aço	Стальной великан	Çelik Gigas
2	Enslaved Beast B	スレイヴアニマル	슬레이브 애니멀	奴役之兽	奴隸獅	Versklavte Bestie	Bestia esclavizada	Bête asservie	Bestia schiava	Zniewolona bestia	Fera Escravizada	Порабощенный зверь	Esir Canavar
2	Will O' Wisp Raven	鬼火のレイヴン	귀화의 레이븐	鬼火之渡鸦	鬼火烏鴉	Irrlichtrabe	Cuervo de fuego fatuo	Corneille feu follet	Corvo Will o' Wisp	Kruk mrzonki	Corvo Fátuo	Ворон-светлячок	Alaycı Kuzgun
2	Lightning Eagle	紫電のイーグル	자전의 이글	紫电之鹰	紫電之鷹	Blitzadler	Águila tronadora	Aigle de foudre	Aquila del fulmine	Orzeł błyskawicy	Águia do Raio	Орел молнии	Yıldırım Kartalı
2	Clairvoyant Relic	看破の彫像	간파의 조각상	看破之雕像	看穿雕像	Relikt des Hellsehens	Reliquia clarividente	Relique clairvoyante	Reliquia chiaroveggente	Relikt jasnowidza	Relíquia Vidente	Статуя ясновидения	Kahin Kalıntı
2	Servant Tower	使役の塔	사역의 탑	役使之塔	操縱之塔	Turm des Dienens	Torre del siervo	Tour domestique	Torre schiava	Wieża sługi	Torre Serviçal	Башня слуг	Hizmetçi Kule
2	Enslaved Cupid	隷属のクビド	예속의 큐피드	隶属之丘比特	隸屬邱比特	Versklavter Liebesengel	Cupido esclavizado	Cupidon asservi	Cupido schiavo	Zniewolony kupidyn	Cupido Escravizado	Порабощенный купидон	Köle Aşk Tanrısı
2	Fleetfooted Cavalry	疾走の騎兵	질주의 기병	疾走骑兵	疾馳騎兵	Leichtfüßige Kavallerie	Caballería de pies rápidos	Cavalerie véloce	Cavalleria fulminea	Wielonoga kawaleria	Cavalaria Ligeira	Быстроногая кавалерия	Hızlı Süvari
2	Lustful Snake B	情欲の蛇	정욕의 뱀	情欲之蛇	情慾之蛇	Wollüstige Schlange	Serpiente lujuriosa	Serpent lubrique	Serpente lussurioso	Lubieżny wąż	Cobra Lasciva	Змей похоти	Şehvetli Yılan
2	Bestial Wheel B	リングフォート	링 포트	圆环之轮	連結之輪	Bestienrad	Rueda bestial	Roue bestiale	Ruota bestiale	Zwierzęce koło	Roda Bestial	Зверское колесо	Barbar Çark
2	Spurious Book B	偽りの聖典	거짓의 성전	虚伪圣典	虛偽聖典	Apokryphe	Libro espurio	Livre fallacieux	Testo spurio	Fałszywa księga	Livro Espúrio	Поддельная книга	Sahte Kitap
2	Dancing Hand B	ダンシングハンド	댄싱 핸드	舞动之手	舞蹈之手	Tanzende Hand	Mano bailarina	Main dansante	Mano danzante	Tańcząca dłoń	Mão Dançarina	Танцующая рука	Dans Eden El
2	Heat Balance B	炎と氷のバランサー	불꽃과 얼음의 밸런서	炎冰天秤	炎冰天秤	Hitzewaage	Equilibrio de calor	Balance thermique	Bilancia del calore	Balans ciepła	Balança Térmica	Баланс тепла	Isı Dengesi
2	Laughing Table B	笑うテーブル	웃는 테이블	嬉笑之桌	訕笑桌	Lachender Tisch	Mesa risueña	Table hilare	Tavolo ridanciano	Prześmiewczy stół	Mesa Gargalhante	Смеющийся стол	Gülen Masa
2	Cowardly Maya B	臆病のマーヤ	두려움의 마야	懦弱之魔影	怯懦魔影	Feiger Maya	Maya cobarde	Maya lâche	Maya codarda	Tchórzliwa Maya	Maya Covarde	Трусливая Майя	Ödlek Maya
2	Muttering Tiara B	囁くティアラ	속삭이는 티아라	低语宝冠	細語后冠	Murmelnde Tiara	Tiara murmurante	Tiare marmonnante	Tiara borbottante	Mamrocząca tiara	Tiara Murmurante	Бормочущая тиара	Söylenen Taç
2	Merciless Maya B	残酷のマーヤ	잔혹의 마야	残酷之魔影	殘酷魔影	Gnadenloser Maya	Maya despiadada	Maya impitoyable	Maya spietata	Bezwzględna Maya	Maya Impiedoso	Безжалостная Майя	Acımasız Maya
2	Heretic Magus	異端のマグス	이단의 마구스	异端术士	異端魔術師	Heretischer Magus	Mago hereje	Mage hérétique	Mago eretico	Mędrzec-heretyk	Magus Herege	Маг-еретик	Sapkın Büyücü
2	Grievous Table	血涙のテーブル	피눈물의 테이블	血泪之桌	血淚桌	Schmerzenstisch	Mesa cruel	Table cruelle	Tavolo atroce	Bolesny stół	Mesa Grave	Скорбящий стол	Ağır Masa
2	Lascivious Lady	淫奔の貴婦人	저속한 귀부인	荒淫之贵妇	淫亂貴夫人	Laszive Lady	Señora lasciva	Dame lascive	Signora indecente	Pożądliwa pani	Dama Lasciva	Сладострастная леди	Şehvetli Hanımefendi
2	Profligate Gigas	放蕩のギガス	방탕의 기가스	放荡之巨灵	放蕩巨靈	Lasterhafter Gigas	Gigas libertino	Gigas prodigues	Gigas dissoluto	Rozpustny gigas	Gigas Dissoluto	Расточительный великан	Haylaz Gigas
2	Wild Drive B	ワイルドドライブ	와일드 드라이브	狂野装置	狂野驅力	Wilder Streitwagen	Vehículo salvaje	Char sauvage	Vettura selvaggia	Dziki robot	Ímpeto Feroz	Робот-дикарь	Vahşi Sürücü
2	Jotun of Power B	力のヘカトンケイル	힘의 헤카톤케일	力之百臂巨人	力量百臂巨人	Jotun der Macht	Jotun del poder	Jötunn du pouvoir	Jotun del potere	Jotun mocy	Jotun do Poder	Йотун силы	Güç Jotunu
2	Disturbing Dice	動乱のダイス	동란의 다이스	动乱之骰	動亂骰子	Wühlender Würfel	Dado inquietante	Dé perturbant	Dado inquietante	Kość zaburzenia	Dado da Perturbação	Кости тревоги	Rahatsız Edici Zar
2	Slaughter Twins	殺戮の双子	살육의 쌍둥이	杀戮双子	殺戮雙胞胎	Schlachtzwillinge	Gemelos masacradores	Jumeaux carnassiers	Gemelli carnefici	Rzeźnickie bliźnięta	Gêmeos Carniceiros	Близнецы резни	Katliam İkizleri
2	Ancient Castle	辺境の古城	변경의 고성	边境之古城	邊境古城	Alte Burg	Castillo antiguo	Ancien château	Castello antico	Starożytny zamek	Castelo Antigo	Древний замок	Antik Kale
2	Deviant Convict	逸脱の死刑囚	일탈의 사형수	超脱之死囚	脫序死刑犯	Abtrünniger Sträfling	Convicto desviado	Détenu détraqué	Condannato anomalo	Wykolejony skazaniec	Condenado Vil	Ненормальный осужденный	Sapkın Hükümlü
2	Tome of Atrophy	衰退の禁書	쇠퇴의 금서	衰退之禁书	衰退禁書	Foliant der Verödung	Tomo de la atrofia	Tome d'atrophie	Tomo dell'atrofia	Księga atrofii	Tomo da Atrofia	Фолиант атрофии	Körelmenin Kitabı
2	Arcanist Decapitator	禁術師の断頭	금술사의 단두	禁术师之断头	禁術師斷頭	Arkanisten-Enthaupter	Decapitador arcano	Bourreau arcaniste	Cacciatore di teste arcanista	Czarowładny kat	Algoz Arcanista	Арканист обезглавливающий	Esrarlı Cellat
2	Heat Overseer	炎と氷の測量者	불꽃과 얼음의 측량자	炎冰测量者	炎冰測量者	Hitzewächter	Supervisor térmico	Contremaître de la chaleur	Garante del calore	Nadzorca ciepła	Supervisor Térmico	Надзиратель тепла	Isı Müfettişi
2	Sky Overseer	雷と風の測量者	번개와 바람의 측량자	风雷测量者	雷風測量者	Himmelswächter	Supervisor de los cielos	Contremaître du ciel	Garante del cielo	Nadzorca nieba	Supervisor Celeste	Надзиратель небес	Gökyüzü Müfettişi
2	Ochlocratic Sand	衆愚の砂時計	중우의 모래시계	乌合沙漏	眾愚沙漏	Ochlokratischer Sand	Arena oclocrática	Sable ochlocratique	Sabbia oclocratica	Ochlokratyczny piasek	Areia Oclocrática	Песок охлократии	Avam Kum
2	Controlling Partner	束縛のパートナー	속박의 파트너	束缚之搭档	束縛搭檔	Beherrschender Partner	Compañero controlador	Partenaire dominant	Partner dispotico	Kontrolujący partner	Parceiro Controlador	Ведущий партнер	Kontrolcü Ortak
2	Dependent Partner	依存のパートナー	의존의 파트너	依存之搭档	依存搭檔	Abhängiger Partner	Colega dependiente	Partenaire dépendant	Partner dipendente	Zależny partner	Parceiro Dependente	Ведомый партнер	Muhtaç Ortak
2	Venomous Magus	毒殺のマグス	독살의 마구스	毒杀术士	毒殺魔術師	Giftiger Magus	Mago ponzoñoso	Mage malveillant	Mago velenoso	Jadowity mędrzec	Magus Peçonhento	Ядовитый маг	Hain Büyücü
2	Five Fingers of Blight	汚染の五指	오염의 다섯 손가락	污染之五指	汙染五指	Fünf Seuchenfinger	Cinco dedos de la plaga	Cinq doigts du Fléau	Cinque dita della Rovina	Pięć palców plagi	Cinco Dedos da Peste	Пятерня упадка	Felaketin Beş Parmağı
2	Bloody Maria	ブラッディマリア	블러디 마리아	血腥之圣母	血腥聖母	Blutige Maria	María sanguinaria	Maria Sanglante	Maria sanguinaria	Krwawa Maria	Maria Sanguinária	Кровавая Мария	Kanlı Maria
2	Executioner's Crown	処刑人の冠	처형인의 관	处刑人之冠	處刑人之冠	Scharfrichterkrone	Corona del verdugo	Couronne du bourreau	Corona del boia	Korona kata	Coroa do Carrasco	Корона палача	İnfazcının Tacı
2	Imposing Skyscraper	裁断の摩天楼	재단의 마천루	裁断之摩天楼	裁決摩天樓	Wolkenkratzer	Rascacielos imponente	Gratte-ciel imposant	Grattacielo imponente	Okazały wieżowiec	Edifício Imponente	Внушительный небоскреб	İnatçı Gökdelen
2	Champion Knight B	凱旋の騎士	개선의 기사	凯旋之骑士	凱旋騎士	Ritterlicher Recke	Caballero campeón	Chevalier champion	Cavaliere campione	Rycerz-czempion	Cavaleiro Campeão	Рыцарь-чемпион	Şampiyon Şövalye
2	Elegant Mother B	イデアマザー	이데아 마더	理念之母	理念之母	Elegante Mutter	Madre elegante	Mère élégante	Madre elegante	Elegancka matka	Mãe Elegante	Элегантная матерь	Şık Anne
2	Cowardly Maya C	臆病のマーヤ	두려움의 마야	懦弱之魔影	怯懦魔影	Feiger Maya	Maya cobarde	Maya lâche	Maya codarda	Tchórzliwa Maya	Maya Covarde	Трусливая Майя	Ödlek Maya
2	Heartless Relic	無情の彫像	무정의 조각상	无情之雕像	無情雕像	Relikt der Herzlosigkeit	Reliquia desalmada	Relique sans cœur	Reliquia spietata	Relikt bez serca	Relíquia Desalmada	Статуя бессердечности	Kalpsiz Kalıntı
2	Rampaging Sand	破砕の砂時計	파쇄의 모래시계	破碎沙漏	破碎沙漏	Tobender Sand	Arena arrasadora	Sable chaotique	Sabbia scatenata	Szalejący piasek	Areia Destruidora	Неистовый песок	Taşkın Kum
2	Raging Turret	怒涛の砲座	노도의 포좌	怒涛炮台	怒濤砲台	Zorniges Geschütz	Torreta salvaje	Tourelle déchaînée	Torretta furiosa	Oszalała wieżyczka	Torreta Furiosa	Свирепая турель	Öfkeli Taret
2	Regal Mother B	スカルプマザー	스컬프 마더	掠夺之母	掠奪之母	Majestätische Mutter	Madre regia	Mère royale	Madre regale	Królewska matka	Mãe Suntuosa	Царственная матерь	Görkemli Anne
2	Terminal Table	永眠のテーブル	영면의 테이블	永眠之桌	永眠桌	Todestisch	Mesa terminal	Table létale	Tavolo finale	Zabójczy stół	Mesa Terminal	Терминальный стол	Son Masa
2	Jotun of Authority	独裁のヘカトンケイル	독재의 헤카톤케일	独裁之百臂巨人	獨裁百臂巨人	Jotun der Autorität	Jotun de la autoridad	Jötunn de l'autorité	Jotun dell'autorità	Jotun zwierzchnictwa	Jotun da Autoridade	Йотун власти	Otorite Jotunu
2	Purging Right Hand	粛清の右手	숙청의 오른손	肃清之右手	肅清的右手	Auslöschende rechte Hand	Purga diestra	Main droite de la purge	Mano destra purificante	Oczyszczająca prawa dłoń	Mão Direita Purgadora	Зачищающая правая рука	Arındırıcı Sağ El
2	Subservient Left Hand	盲従の左手	맹종의 왼손	盲从之左手	盲從的左手	Unterwürfige linke Hand	Siniestra sumisa	Main gauche soumise	Mano sinistra servile	Służalcza lewa dłoń	Mão Esquerda Submissa	Подвластная левая рука	İtaatkar Sol El
2	Isolated Castle	喪失の孤城	상실의 고성	丧失之孤城	喪失的孤城	Einsame Burg	Castillo aislado	Château isolé	Castello isolato	Odizolowany zamek	Castelo Isolado	Уединенный замок	Issız Kale
2	Hakurou Musha B	白狼の武者	백랑의 무사	白狼之武者	白狼武者	Hakurou Musha	Hakurou musha	Hakurou Musha	Hakurou Musha	Hakurou Musha	Hakurou Musha	Самурай Хакуро	Hakurou Musha
2	Order Giant B	均衡の巨人	균형의 거인	均衡之巨人	均衡巨人	Gigant der Macht	Gigante en orden	Géant de l'ordre	Gigante dell'ordine	Gigant porządku	Gigante da Ordem	Гигант порядка	Tarikat Devi
2	Pagoda of Disaster	天災の楼閣	자연재해의 누각	天灾之楼阁	天災樓閣	Desasterpagode	Pagoda del desastre	Pagode du désastre	Pagoda del disastro	Pagoda katastrofy	Pagode do Desastre	Пагода бедствия	Felaket Pagodası
2	Tome of Persecution	迫害の禁書	박해의 금서	迫害之禁书	迫害禁書	Foliant der Verfolgung	Tomo de la persecución	Tome de la persécution	Tomo della persecuzione	Księga prześladowania	Tomo da Perseguição	Фолиант гонений	Zulmün Kitabı
2	Dancing Beast Wheel	剣舞の獣車輪	검무의 수차륜	剑舞兽车轮	劍舞獸車輪	Tanzendes Bestienrad	Rueda bestial danzante	Roue de la Bête dansante	Ruota bestiale danzante	Tańczące zwierzęce koło	Roda Feral Dançarina	Танцующее животное колесо	Dans Eden Canavar Çarkı
2	Demented Knight	禁忌の狂騎士	금기의 광기사	禁忌之狂骑士	禁忌狂騎士	Wahnsinniger Ritter	Caballero demente	Chevalier fou	Cavaliere forsennato	Bezrozumny rycerz	Cavaleiro Demente	Рыцарь-безумец	Kaçık Şövalye
2	Cruel Greatsword	暴虐の大剣	포학의 대검	暴虐大剑	暴虐大劍	Grausames Großschwert	Mandoble cruel	Espadon cruel	Spadone crudele	Okrutny wielki miecz	Montante Cruel	Великий меч жестокости	Zalim Büyük Kılıç
2	Serpent of Absurdity	不条理の大蛇	부조리의 큰 뱀	不合情理之大蛇	不講理的大蛇	Schlange der Absurdität	Serpiente del absurdo	Serpent d'absurdité	Serpente dell'assurdità	Wąż absurdu	Serpente do Absurdo	Змий абсурда	Anlamsızlık Yılanı
2	Invigorated Gigas	ドーピングギガス	도핑 기가스	禁药之巨灵	禁藥巨靈	Gestärkter Gigas	Gigas vigorizado	Gigas revigoré	Gigas rinvigorito	Ożywiony gigas	Gigas Revigorado	Бодрый великан	Canlı Gigas
2	Scarlet Turret B	真紅の砲座	진홍의 포좌	深红炮台	深紅砲台	Scharlachrotes Geschütz	Torreta escarlata	Tourelle écarlate	Torretta scarlatta	Szkarłatna wieżyczka	Torreta Escarlate	Алая турель	Kızıl Taret
2	Ruinous Idol B	破壊のマリア	파괴의 마리아	破坏之圣母	破壞聖母	Verderbnisgötze	Ídolo de ruina	Idole funeste	Idolo in rovina	Zrujnowany bożek	Ídolo Ruinoso	Идол разрушения	Harap Edici Put
2	Cultist of the Storm	嵐の教祖	폭풍의 교주	风暴教祖	嵐之教祖	Sturmkultist	Sectario de la tormenta	Fidèle de la Tempête	Seguace della tempesta	Kultysta burzy	Devoto da Tempestade	Культист шторма	Fırtına Tarikatçısı
2	Merciless Judge	非情の裁判官	비정의 재판관	无情审判官	無情法官	Gnadenloser Richter	Juez despiadado	Juge sans pitié	Giudice spietato	Bezwzględny sędzia	Juiz Impiedoso	Беспощадный судья	Acımasız Yargıç
2	Executive Greatsword	執行の大剣	집행의 대검	行刑大剑	執行大劍	Obergroßschwert	Mandoble ejecutor	Espadon d'exécution	Spadone dell'esecuzione	Katowski wielki miecz	Montante Executor	Великий меч приговора	Yönetici Büyük Kılıç
2	Chaos Panzer	カオスパンツァー	카오스 판처	混沌战车	混沌戰車	Chaospanzer	Panzer del caos	Panzer du Chaos	Panzer del caos	Taran chaosu	Panzer Caótico	Танк хаоса	Kaos Zırhlısı
2	Resentful Surveillant	怨恨の監視者	원한의 감시자	怨恨监视者	怨恨監視者	Finsterer Überwacher	Vigilante resentido	Surveillant rancunier	Sorvegliante indignato	Urażony obserwator	Sentinela Ressentida	Негодующий наблюдатель	Alıngan Gözcü
2	Necromachinery	ネクロマシーナリー	네크로 머시너리	死灵机械	死靈機械	Nekromaschinerie	Necromaquinaria	Nécromachinerie	Necromacchinario	Nekromaszyneria	Necromaquinário	Некромеханизм	Ceset Makinesi
2	Curse Dice B	呪いのダイス	저주의 다이스	诅咒之骰	詛咒骰子	Fluchwürfel	Dado maldito	Dé maudit	Dado della sventura	Kość klątwy	Dado da Maldição	Кости проклятия	Lanet Zarı
2	Jotun of Blood B	血のヘカトンケイル	피의 헤카톤케일	血之百臂巨人	血腥百臂巨人	Jotun des Blutes	Jotun de la sangre	Jötunn du sang	Jotun del sangue	Jotun krwi	Jotun do Sangue	Йотун крови	Kan Jotunu
2	Cowardly Maya D	臆病のマーヤ	두려움의 마야	懦弱之魔影	怯懦魔影	Feiger Maya	Maya cobarde	Maya lâche	Maya codarda	Tchórzliwa Maya	Maya Covarde	Трусливая Майя	Ödlek Maya
2	Muttering Tiara C	囁くティアラ	속삭이는 티아라	低语宝冠	細語后冠	Murmelnde Tiara	Tiara murmurante	Tiare marmonnante	Tiara borbottante	Mamrocząca tiara	Tiara Murmurante	Бормочущая тиара	Söylenen Taç
0	未使用	未使用	미사용	未使用	未使用	未使用	未使用	未使用	未使用	未使用	未使用	未使用	未使用
0	未使用	未使用	미사용	未使用	未使用	未使用	未使用	未使用	未使用	未使用	未使用	未使用	未使用
0	検証用エネミー	検証用エネミー	검증용 적	测试用敌人	驗證用敵人	検証用エネミー	検証用エネミー	検証用エネミー	検証用エネミー	検証用エネミー	検証用エネミー	検証用エネミー	検証用エネミー
2	Cowardly Maya E	臆病のマーヤ	두려움의 마야	懦弱之魔影	怯懦魔影	Feiger Maya	Maya cobarde	Maya lâche	Maya codarda	Tchórzliwa Maya	Maya Covarde	Трусливая Майя	Ödlek Maya
2	Magical Magus B	マジカルマグス	매지컬 마구스	神奇术士	神奇魔術師	Magischer Magus	Mago mágico	Mage mystique	Mago incantatore	Magiczny mędrzec	Magus Mágico	Волшебный маг	Büyülü Büyücü
2	Wicked Turret B	邪悪の砲座	사악의 포좌	邪恶炮台	邪惡砲台	Verdorbenes Geschütz	Torreta perversa	Tourelle cruelle	Torretta maligna	Wariacka wieżyczka	Torreta Malévola	Злобная турель	Kötücül Taret
2	Jealous Cupid B	嫉妬のクビド	질투의 큐피드	嫉妒之丘比特	嫉妒邱比特	Eifersüchtiger Liebesengel	Cupido celoso	Cupidon jaloux	Cupido geloso	Zawistny kupidyn	Cupido Enciumado	Ревнивый купидон	Kıskanç Aşk Tanrısı
2	Magical Magus C	マジカルマグス	매지컬 마구스	神奇术士	神奇魔術師	Magischer Magus	Mago mágico	Mage mystique	Mago incantatore	Magiczny mędrzec	Magus Mágico	Волшебный маг	Büyülü Büyücü
2	Shouting Tiara B	叫ぶティアラ	고함치는 티아라	尖叫宝冠	尖叫后冠	Schreiende Tiara	Tiara ululante	Tiare hurlante	Tiara urlante	Krzycząca tiara	Tiara Gritante	Орущая тиара	Haykıran Taç
2	Haunted Castle	呪霊の城	주령의 성	咒灵之城	咒靈城堡	Spukschloss	Castillo encantado	Château hanté	Castello infestato	Nawiedzony zamek	Castelo Assombrado	Замок с привидениями	Lanetli Kale
2	Spiritual Castle	聖霊の城	성령의 성	圣灵之城	聖靈城堡	Geisterburg	Castillo espiritual	Château spirituel	Castello spirituale	Duchowy zamek	Castelo Espiritual	Замок духовности	Ruhani Kale
2	Rampage Drive B	バスタードライブ	버스터 드라이브	爆裂装置	炸裂驅力	Tobender Streitwagen	Vehículo desmadrado	Char violent	Vettura furiosa	Szaleńczy robot	Ímpeto Destruidor	Робот буйства	Öfkeli Sürücü
2	Bronze Dice B	ブロンズダイス	브론즈 다이스	青铜之骰	青銅骰子	Bronzewürfel	Dado de bronce	Dé de bronze	Dado di bronzo	Brązowa kostka	Dado de Bronze	Бронзовые кости	Bronz Zar
2	Muttering Tiara D	囁くティアラ	속삭이는 티아라	低语宝冠	細語后冠	Murmelnde Tiara	Tiara murmurante	Tiare marmonnante	Tiara borbottante	Mamrocząca tiara	Tiara Murmurante	Бормочущая тиара	Söylenen Taç
2	Iron Dice B	アイアンダイス	아이언 다이스	钢铁之骰	鋼鐵骰子	Eisenwürfel	Dado de hierro	Dé de fer	Dado di ferro	Żelazna kostka	Dado de Ferro	Железные кости	Demir Zar
2	Silent Book B	沈黙の聖典	침묵의 성전	沉默圣典	沉默聖典	Buch des Schweigens	Libro silencioso	Livre silencieux	Testo silente	Cicha księga	Livro Silencioso	Тихая книга	Sessiz Kitap
2	Platinum Dice B	プラチナダイス	플래티나 다이스	白金之骰	白金骰子	Platinwürfel	Dado de platino	Dé de platine	Dado di platino	Platynowa kostka	Dado de Platina	Платиновые кости	Platin Zar
2	Muttering Tiara E	囁くティアラ	속삭이는 티아라	低语宝冠	細語后冠	Murmelnde Tiara	Tiara murmurante	Tiare marmonnante	Tiara borbottante	Mamrocząca tiara	Tiara Murmurante	Бормочущая тиара	Söylenen Taç
2	Silent Book C	沈黙の聖典	침묵의 성전	沉默圣典	沉默聖典	Buch des Schweigens	Libro silencioso	Livre silencieux	Testo silente	Cicha księga	Livro Silencioso	Тихая книга	Sessiz Kitap
2	Immoral Snake B	愛欲の蛇	애욕의 뱀	爱欲之蛇	愛慾之蛇	Verdorbene Schlange	Serpiente inmoral	Serpent immoral	Serpente immorale	Niemoralny wąż	Cobra Imoral	Змей разврата	Ölümsüz Yılan
2	Dogmatic Tower B	教条の塔	교조의 탑	教条之塔	教條之塔	Turm der Dogmatik	Torre dogmática	Tour dogmatique	Torre dogmatica	Wieża dogmatów	Torre Dogmática	Башня догмы	Dogmatik Kule
2	Natural Dancer B	クラリスダンサー	클라리스 댄서	绚烂舞者	清淨舞者	Klassischer Tänzer	Bailarines naturales	Danseur naturel	Danzatore naturale	Naturalny tancerz	Dançarino Nato	Прирожденный танцор	Doğal Dansçı
2	Vehement Idol B	狂乱のマリア	광란의 마리아	狂乱之圣母	狂亂聖母	Wilde Götze	Ídolo vehemente	Idole véhémente	Idolo veemente	Gorliwy bożek	Ídolo Veemente	Идол неистовства	Hiddetli Put
2	Minotaur II B	ミノタウロス弐号	미노타우로스 2호	牛头人二号	牛頭人二號	Minotaur II	Minotauro II	Minotaure II	Minotauro II	Minotaur II	Minotauro II	Минотавр II	II. Minotor
2	Gold Hand	ハンドゴールド	핸드 골드	黄金之手	金之手	Gotteshand	Mano de oro	Main en or	Mano d'oro	Złota dłoń	Mão de Ouro	Золотая рука	Altın El
2	Silver Hand	ハンドシルバー	핸드 실버	白银之手	銀之手	Silberhand	Mano de plata	Main en argent	Mano d'argento	Srebrna dłoń	Mão de Prata	Серебряная рука	Gümüş El
2	Black Hand	ハンドブラック	핸드 블랙	漆黑之手	黑之手	Schwarze Hand	Mano negra	Main noire	Mano nera	Czarna dłoń	Mão Preta	Черная рука	Siyah El
2	Pink Hand	ハンドピンク	핸드 핑크	粉红之手	粉之手	Rosa Hand	Mano rosa	Main rose	Mano rosa	Różowa dłoń	Mão Rosa	Розовая рука	Pembe El
2	White Hand	ハンドホワイト	핸드 화이트	纯白之手	白之手	Weiße Hand	Mano blanca	Main blanche	Mano bianca	Biała dłoń	Mão Branca	Белая рука	Beyaz El
2	Haughty Belle	高圧な美女	고압적인 미녀	高压之美女	威壓美女	Hochmütiger Belle	Beldad soberbia	Belle hautaine	Belle altera	Harda Belle	Beldade Altiva	Надменная красавица	Mağrur Güzel
2	Feral Beast	獰猛な野獣	사나운 야수	狰狞之野兽	猙獰野獸	Brutale Bestie	Bestia salvaje	Bête sauvage	Bestia selvatica	Zdziczała bestia	Fera Bestial	Одичавший зверь	Ölümcül Canavar
2	Morbid Book	死の聖典	죽음의 성전	死亡圣典	死亡聖典	Buch der Krankheiten	Libro mórbido	Livre morbide	Libro macabro	Chorobliwa księga	Livro Mórbido	Нездоровая книга	Marazi Kitap
2	Phantom Master B	ファントムマスター	팬텀 마스터	魅影大师	魅影大師	Phantommeister	Maestro fantasmal	Maître fantôme	Maestro fantasma	Widmowy mistrz	Mestre Fantasmagórico	Призрачный господин	Hayalet Ustası
2	Intrepid Knight B	不屈の騎士	불굴의 기사	不屈之骑士	不屈騎士	Kühner Ritter	Caballero intrépido	Chevalier intrépide	Cavaliere intrepido	Nieustraszony rycerz	Cavaleiro Intrépido	Отважный рыцарь	Korkusuz Şövalye
2	Change Relic B	変容の彫像	변모의 조각상	变化之雕像	變貌雕像	Relikt des Wandels	Reliquia del cambio	Relique de changement	Reliquia mutevole	Relikt zmiany	Relíquia da Mudança	Статуя изменений	Değişim Kalıntısı
2	Amorous Snake B	淫欲の蛇	음욕의 뱀	淫欲之蛇	淫慾之蛇	Verliebte Schlange	Serpiente apasionada	Serpent amoureux	Serpente sensuale	Kochający wąż	Cobra Amorosa	Змей любви	Aşık Yılan
2	Devious Maya B	犠牲のマーヤ	희생의 마야	牺牲之魔影	犧牲魔影	Verschlagener Maya	Maya taimada	Maya perfide	Maya infida	Przebiegła Maya	Maya Diabólico	Лукавая Майя	Üçkağıtçı Maya
2	Ultimate Gigas	極限のギガス	극한의 기가스	极限之巨灵	極限巨靈	Ultimativer Gigas	Gigas definitivo	Gigas ultimes	Gigas supremo	Ostateczny gigas	Gigas Supremo	Высший великан	Nihai Gigas
2	Omnipotent Balance	全知全能のバランサー	전지전능의 밸런서	全知全能天秤	萬能天秤	Allmachtwage	Equilibrio omnipotente	Balance omnipotente	Bilancia onnipotente	Wszechpotężny balans	Balança Onipotente	Баланс всего сущего	Muktedir Denge
2	Heat Balance C	炎と氷のバランサー	불꽃과 얼음의 밸런서	炎冰天秤	炎冰天秤	Hitzewaage	Equilibrio de calor	Balance thermique	Bilancia del calore	Balans ciepła	Balança Térmica	Баланс тепла	Isı Dengesi
2	Sky Balance B	雷と風のバランサー	번개와 바람의 밸런서	风雷天秤	雷風天秤	Himmelswaage	Equilibrio celestial	Balance céleste	Bilancia del cielo	Balans nieba	Balança Celeste	Баланс небес	Gökyüzü Dengesi
2	Light Balance B	光と闇のバランサー	빛과 어둠의 밸런서	光影天秤	光闇天秤	Lichtwaage	Equilibrio lumínico	Balance lumineuse	Bilancia della luce	Balans światła	Balança Sagrada	Баланс света	Işık Dengesi
2	Hallowed Turret B	洗礼の砲座	세례의 포좌	洗礼炮台	洗禮砲台	Geheiligtes Geschütz	Torreta bendita	Tourelle sanctifiée	Torretta consacrata	Uświęcona wieżyczka	Torreta Sacra	Священная турель	Kutsal Taret
2	Tenjin Musha B	天神の武者	천신의 무사	天神之武者	天神武者	Tenjin Musha	Tenjin musha	Tenjin Musha	Tenjin Musha	Tenjin Musha	Tenjin Musha	Самурай Тэндзин	Tenjin Musha
2	Onnen Musha B	怨念の武者	원념의 무사	怨念之武者	怨念武者	Onnen Musha	Onnen musha	Onnen Musha	Onnen Musha	Onnen Musha	Onnen Musha	Самурай Оннэн	Onnen Musha
2	Kaiden Musha B	皆伝の武者	통달의 무사	宗师之武者	真傳武者	Kaiden Musha	Kaiden musha	Kaiden Musha	Kaiden Musha	Kaiden Musha	Kaiden Musha	Самурай Кайдэн	Kaiden Musha
2	Hakurou Musha C	白狼の武者	백랑의 무사	白狼之武者	白狼武者	Hakurou Musha	Hakurou musha	Hakurou Musha	Hakurou Musha	Hakurou Musha	Hakurou Musha	Самурай Хакуро	Hakurou Musha
2	Shadow of the Void	大深淵の影	대심연의 그림자	大深渊之影	大深淵之影	Schatten der Leere	Sombra del vacío	Ombre du vide	Ombra del vuoto	Cień pustki	Sombra do Vazio	Тень пустоты	Boşluğun Gölgesi
0	未使用	未使用	미사용	未使用	未使用	未使用	未使用	未使用	未使用	未使用	未使用	未使用	未使用
0	未使用	未使用	미사용	未使用	未使用	未使用	未使用	未使用	未使用	未使用	未使用	未使用	未使用
0	未使用	未使用	미사용	未使用	未使用	未使用	未使用	未使用	未使用	未使用	未使用	未使用	未使用
0	検証用のマーヤ	検証用のマーヤ	검증용 마야	测试用魔影	驗證用魔影	検証用のマーヤ	検証用のマーヤ	検証用のマーヤ	検証用のマーヤ	検証用のマーヤ	検証用のマーヤ	検証用のマーヤ	検証用のマーヤ
3	Takaya	タカヤ	타카야	隆哉	隆也	Takaya	Takaya	Takaya	Takaya	Takaya	Takaya	Такайя	Takaya
3	Jin	ジン	진	壬	陣	Jin	Jin	Jin	Jin	Jin	Jin	Дзин	Jin
3	Chidori	チドリ	치도리	千鸟	千鳥	Chidori	Chidori	Chidori	Chidori	Chidori	Chidori	Тидори	Chidori
3	Jin	ジン	진	壬	陣	Jin	Jin	Jin	Jin	Jin	Jin	Дзин	Jin
3	Takaya	タカヤ	타카야	隆哉	隆也	Takaya	Takaya	Takaya	Takaya	Takaya	Takaya	Такайя	Takaya
2	Shadow of the Abyss	深淵の影	심연의 그림자	深渊之影	深淵之影	Schatten des Abgrunds	Sombra del abismo	Ombre de l'abysse	Ombra dell'abisso	Cień otchłani	Sombra do Abismo	Тень бездны	Uçurumun Gölgesi
3	Takaya	タカヤ	타카야	隆哉	隆也	Takaya	Takaya	Takaya	Takaya	Takaya	Takaya	Такайя	Takaya
0	未使用	未使用	미사용	未使用	未使用	未使用	未使用	未使用	未使用	未使用	未使用	未使用	未使用
0	未使用	未使用	미사용	未使用	未使用	未使用	未使用	未使用	未使用	未使用	未使用	未使用	未使用
0	未使用	未使用	미사용	未使用	未使用	未使用	未使用	未使用	未使用	未使用	未使用	未使用	未使用
0	未使用	未使用	미사용	未使用	未使用	未使用	未使用	未使用	未使用	未使用	未使用	未使用	未使用
0	未使用	未使用	미사용	未使用	未使用	未使用	未使用	未使用	未使用	未使用	未使用	未使用	未使用
0	未使用	未使用	미사용	未使用	未使用	未使用	未使用	未使用	未使用	未使用	未使用	未使用	未使用
0	未使用	未使用	미사용	未使用	未使用	未使用	未使用	未使用	未使用	未使用	未使用	未使用	未使用
0	未使用	未使用	미사용	未使用	未使用	未使用	未使用	未使用	未使用	未使用	未使用	未使用	未使用
0	未使用	未使用	미사용	未使用	未使用	未使用	未使用	未使用	未使用	未使用	未使用	未使用	未使用
0	未使用	未使用	미사용	未使用	未使用	未使用	未使用	未使用	未使用	未使用	未使用	未使用	未使用
0	未使用	未使用	미사용	未使用	未使用	未使用	未使用	未使用	未使用	未使用	未使用	未使用	未使用
0	未使用	未使用	미사용	未使用	未使用	未使用	未使用	未使用	未使用	未使用	未使用	未使用	未使用
3	Skeptical Tiara	不信のティアラ	불신의 티아라	怀疑之宝冠	不信后冠	Zweifelnde Tiara	Tiara escéptica	Tiare sceptique	Tiara scettica	Sceptyczna tiara	Tiara Cética	Скептическая тиара	Şüpheci Taç
3	Priestess	プリーステス	프리스테스	女教皇	女教皇	Hohepriesterin	Sacerdotisa	La Papesse	Papessa	Kapłanka	Sacerdotisa	Верховная жрица	Azize
3	Despairing Tiara	失望のティアラ	실망의 티아라	失望之宝冠	失望后冠	Verzweifelnde Tiara	Tiara desesperada	Tiare du désespoir	Tiara della disperazione	Rozpaczająca tiara	Tiara Desesperada	Отчаявшаяся тиара	Çaresiz Taç
3	Loathsome Tiara	憎悪のティアラ	증오의 티아라	憎恶之宝冠	憎惡后冠	Abscheuliche Tiara	Tiara repugnante	Tiare détestable	Tiara ripugnante	Odrażająca tiara	Tiara Odiosa	Омерзительная тиара	Nefret Dolu Taç
3	Empress	エンプレス	엠프레스	女皇	女皇	Herrscherin	Emperatriz	L'Impératrice	Imperatrice	Cesarzowa	Imperatriz	Императрица	İmparatoriçe
3	Empress	エンプレス	엠프레스	女皇	女皇	Herrscherin	Emperatriz	L'Impératrice	Imperatrice	Cesarzowa	Imperatriz	Императрица	İmparatoriçe
3	Empress	エンプレス	엠프레스	女皇	女皇	Herrscherin	Emperatriz	L'Impératrice	Imperatrice	Cesarzowa	Imperatriz	Императрица	İmparatoriçe
3	Emperor	エンペラー	엠퍼러	皇帝	皇帝	Herrscher	Emperador	L'Empereur	Imperatore	Cesarz	Imperador	Император	İmparator
3	Emperor	エンペラー	엠퍼러	皇帝	皇帝	Herrscher	Emperador	L'Empereur	Imperatore	Cesarz	Imperador	Император	İmparator
3	Emperor	エンペラー	엠퍼러	皇帝	皇帝	Herrscher	Emperador	L'Empereur	Imperatore	Cesarz	Imperador	Император	İmparator
3	Emperor	エンペラー	엠퍼러	皇帝	皇帝	Herrscher	Emperador	L'Empereur	Imperatore	Cesarz	Imperador	Император	İmparator
3	Hierophant	ハイエロファント	하이어러팬트	教皇	教皇	Hierophant	Hierofante	Le Pape	Ierofante	Kapłan	Hierofante	Верховный жрец	Aziz
3	Lovers	ラヴァーズ	러버즈	恋爱	戀愛	Liebende	Amantes	L'Amoureux	Amanti	Kochankowie	Enamorados	Влюбленные	Aşıklar
3	Chariot	チャリオッツ	채리엇	战车	戰車	Wagen	Carro	Le Chariot	Carro	Rydwan	Carro	Колесница	Araba
3	Justice	ジャスティス	저스티스	正义	正義	Gerechtigkeit	Justicia	La Justice	Giustizia	Sprawiedliwość	Justiça	Правосудие	Adalet
3	Tank-Form Shadow	戦車型シャドウ	전차형 섀도	战车型暗影	戰車型陰影	Panzerschatten	Sombra en forma de tanque	Ombre en forme de tank	Ombra carro armato	Cień czołgu	Sombra-tanque	Тень в виде танка	Tank Biçimindeki Gölge
3	Hermit	ハーミット	허미트	隐者	隱士	Eremit	Ermitaño	L'Hermite	Eremita	Eremita	Eremita	Отшельник	Ermiş
3	Fortune	フォーチュン	포츈	命运	命運	Omikuji	Fortuna	La Roue de Fortune	Divinazione	Przepowiednia	Sorte	Предсказание	Kader Çarkı
3	Strength	ストレングス	스트렝스	力量	力量	Stärke	Fuerza	La Force	Forza	Siła	Força	Сила	Güç
3	Hanged Man	ハングドマン	행드맨	倒悬者	倒懸者	Gehängter	Ahorcado	Le Pendu	Appeso	Wisielec	Enforcado	Повешенный	Asılan Adam
3	Statue	石像	석상	石像	石像	Statue	Estatua	Statue	Statua	Posąg	Estátua	Статуя	Heykel
3	Statue	石像	석상	石像	石像	Statue	Estatua	Statue	Statua	Posąg	Estátua	Статуя	Heykel
3	Statue	石像	석상	石像	石像	Statue	Estatua	Statue	Statua	Posąg	Estátua	Статуя	Heykel
3	Statue	石像	석상	石像	石像	Statue	Estatua	Statue	Statua	Posąg	Estátua	Статуя	Heykel
3	Statue	石像	석상	石像	石像	Statue	Estatua	Statue	Statua	Posąg	Estátua	Статуя	Heykel
3	Statue	石像	석상	石像	石像	Statue	Estatua	Statue	Statua	Posąg	Estátua	Статуя	Heykel
3	Statue	石像	석상	石像	石像	Statue	Estatua	Statue	Statua	Posąg	Estátua	Статуя	Heykel
3	Nyx Avatar	ニュクス・アバター	닉스 아바타	倪克斯化身	尼克斯的化身	Nyx-Avatar	Avatar de Nix	Avatar de Nyx	Avatar di Nyx	Awatar Nyx	Avatar de Nix	Аватар Никты	Nyx Avatarı
3	Nyx Avatar	ニュクス・アバター	닉스 아바타	倪克斯化身	尼克斯的化身	Nyx-Avatar	Avatar de Nix	Avatar de Nyx	Avatar di Nyx	Awatar Nyx	Avatar de Nix	Аватар Никты	Nyx Avatarı
3	Nyx Avatar	ニュクス・アバター	닉스 아바타	倪克斯化身	尼克斯的化身	Nyx-Avatar	Avatar de Nix	Avatar de Nyx	Avatar di Nyx	Awatar Nyx	Avatar de Nix	Аватар Никты	Nyx Avatarı
3	Nyx Avatar	ニュクス・アバター	닉스 아바타	倪克斯化身	尼克斯的化身	Nyx-Avatar	Avatar de Nix	Avatar de Nyx	Avatar di Nyx	Awatar Nyx	Avatar de Nix	Аватар Никты	Nyx Avatarı
3	Nyx Avatar	ニュクス・アバター	닉스 아바타	倪克斯化身	尼克斯的化身	Nyx-Avatar	Avatar de Nix	Avatar de Nyx	Avatar di Nyx	Awatar Nyx	Avatar de Nix	Аватар Никты	Nyx Avatarı
3	Nyx Avatar	ニュクス・アバター	닉스 아바타	倪克斯化身	尼克斯的化身	Nyx-Avatar	Avatar de Nix	Avatar de Nyx	Avatar di Nyx	Awatar Nyx	Avatar de Nix	Аватар Никты	Nyx Avatarı
3	Nyx Avatar	ニュクス・アバター	닉스 아바타	倪克斯化身	尼克斯的化身	Nyx-Avatar	Avatar de Nix	Avatar de Nyx	Avatar di Nyx	Awatar Nyx	Avatar de Nix	Аватар Никты	Nyx Avatarı
3	Nyx Avatar	ニュクス・アバター	닉스 아바타	倪克斯化身	尼克斯的化身	Nyx-Avatar	Avatar de Nix	Avatar de Nyx	Avatar di Nyx	Awatar Nyx	Avatar de Nix	Аватар Никты	Nyx Avatarı
3	Nyx Avatar	ニュクス・アバター	닉스 아바타	倪克斯化身	尼克斯的化身	Nyx-Avatar	Avatar de Nix	Avatar de Nyx	Avatar di Nyx	Awatar Nyx	Avatar de Nix	Аватар Никты	Nyx Avatarı
3	Nyx Avatar	ニュクス・アバター	닉스 아바타	倪克斯化身	尼克斯的化身	Nyx-Avatar	Avatar de Nix	Avatar de Nyx	Avatar di Nyx	Awatar Nyx	Avatar de Nix	Аватар Никты	Nyx Avatarı
3	Nyx Avatar	ニュクス・アバター	닉스 아바타	倪克斯化身	尼克斯的化身	Nyx-Avatar	Avatar de Nix	Avatar de Nyx	Avatar di Nyx	Awatar Nyx	Avatar de Nix	Аватар Никты	Nyx Avatarı
3	Nyx Avatar	ニュクス・アバター	닉스 아바타	倪克斯化身	尼克斯的化身	Nyx-Avatar	Avatar de Nix	Avatar de Nyx	Avatar di Nyx	Awatar Nyx	Avatar de Nix	Аватар Никты	Nyx Avatarı
3	Nyx Avatar	ニュクス・アバター	닉스 아바타	倪克斯化身	尼克斯的化身	Nyx-Avatar	Avatar de Nix	Avatar de Nyx	Avatar di Nyx	Awatar Nyx	Avatar de Nix	Аватар Никты	Nyx Avatarı
3	Nyx Avatar	ニュクス・アバター	닉스 아바타	倪克斯化身	尼克斯的化身	Nyx-Avatar	Avatar de Nix	Avatar de Nyx	Avatar di Nyx	Awatar Nyx	Avatar de Nix	Аватар Никты	Nyx Avatarı
3	Nyx Core	ニュクス・コア	닉스 코어	倪克斯核心	尼克斯的核心	Nyx-Kern	Núcleo de Nix	Noyau de Nyx	Nucleo di Nyx	Rdzeń Nyx	Núcleo de Nix	Ядро Никты	Nyx Özü
0	未使用	未使用	미사용	未使用	未使用	未使用	未使用	未使用	未使用	未使用	未使用	未使用	未使用
0	未使用	未使用	미사용	未使用	未使用	未使用	未使用	未使用	未使用	未使用	未使用	未使用	未使用
0	未使用	未使用	미사용	未使用	未使用	未使用	未使用	未使用	未使用	未使用	未使用	未使用	未使用
0	未使用	未使用	미사용	未使用	未使用	未使用	未使用	未使用	未使用	未使用	未使用	未使用	未使用
0	未使用	未使用	미사용	未使用	未使用	未使用	未使用	未使用	未使用	未使用	未使用	未使用	未使用
0	未使用	未使用	미사용	未使用	未使用	未使用	未使用	未使用	未使用	未使用	未使用	未使用	未使用
0	未使用	未使用	미사용	未使用	未使用	未使用	未使用	未使用	未使用	未使用	未使用	未使用	未使用
0	未使用	未使用	미사용	未使用	未使用	未使用	未使用	未使用	未使用	未使用	未使用	未使用	未使用
0	未使用	未使用	미사용	未使用	未使用	未使用	未使用	未使用	未使用	未使用	未使用	未使用	未使用
0	未使用	未使用	미사용	未使用	未使用	未使用	未使用	未使用	未使用	未使用	未使用	未使用	未使用
0	未使用	未使用	미사용	未使用	未使用	未使用	未使用	未使用	未使用	未使用	未使用	未使用	未使用
0	未使用	未使用	미사용	未使用	未使用	未使用	未使用	未使用	未使用	未使用	未使用	未使用	未使用
0	未使用	未使用	미사용	未使用	未使用	未使用	未使用	未使用	未使用	未使用	未使用	未使用	未使用
0	未使用	未使用	미사용	未使用	未使用	未使用	未使用	未使用	未使用	未使用	未使用	未使用	未使用
0	未使用	未使用	미사용	未使用	未使用	未使用	未使用	未使用	未使用	未使用	未使用	未使用	未使用
0	未使用	未使用	미사용	未使用	未使用	未使用	未使用	未使用	未使用	未使用	未使用	未使用	未使用
0	未使用	未使用	미사용	未使用	未使用	未使用	未使用	未使用	未使用	未使用	未使用	未使用	未使用
0	未使用	未使用	미사용	未使用	未使用	未使用	未使用	未使用	未使用	未使用	未使用	未使用	未使用
0	未使用	未使用	미사용	未使用	未使用	未使用	未使用	未使用	未使用	未使用	未使用	未使用	未使用
2	Icebreaker Lion	砕氷の白獅子	쇄빙의 백사자	碎冰之白狮	碎冰白獅子	Eisbrecherlöwe	León rompehielos	Lion brise-glace	Leone spaccaghiaccio	Lew lodołamacz	Leão Quebra-gelo	Лев-ледокол	Buz Kıran Aslan
2	Luckless Cupid	不幸のクビド	불행의 큐피드	不幸之丘比特	不幸邱比特	Glückloser Liebesengel	Cupido desdichado	Cupidon malchanceux	Cupido sfortunato	Pechowy kupidyn	Cupido Azarado	Неудачливый купидон	Bahtsız Aşk Tanrısı
2	Deadly Eldest Sibling	凶殺の長兄	흉살의 맏형	凶杀之长兄	凶殺的長兄	Tödlicher ältester Bruder	Hermano mayor mortífero	Aîné mortel	Primogenito letale	Zabójcze najstarsze dziecko	Primogênito Letal	Смертоносный старший ребенок	Ölümcül Büyük Kardeş
2	Blazing Middle Sibling	獄炎の次兄	옥염의 차남	狱炎之仲兄	獄炎的仲兄	Lodernder mittlerer Bruder	Hermano mediano abrasador	Cadet flamboyant	Fratello mezzano di fuoco	Płonące środkowe dziecko	Cadete Fulgurante	Пылающий средний ребенок	Alevli Ortanca Kardeş
2	Voltaic Youngest Sibling	迅雷の末弟	신뢰의 막내	迅雷之幺弟	迅雷的么弟	Galvanischer jüngster Bruder	Hermano pequeño voltaico	Benjamin voltaïque	Fratello minore voltaico	Naładowane najmłodsze dziecko	Caçula Voltaico	Гальванический младший ребенок	Elektrikli Küçük Kardeş
2	Scornful Dice	嘲笑のダイス	조소의 다이스	嘲笑之骰	嘲笑骰子	Spottwürfel	Dado burlón	Dé méprisant	Dado sprezzante	Pogardliwa kość	Dado Desdenhoso	Кости презрения	Alaycı Zar
2	Minotaur Nulla	ミノタウロス零号	미노타우로스 0호	牛头人零号	牛頭人零號	Minotaur Nulla	Minotauro Nulla	Nulla le Minotaure	Minotauro immune	Minotaur Nulla	Minotauro Nulla	Минотавр N	Minotor Nulla
2	Daring Gigas B	闘魂のギガス	투혼의 기가스	斗魂之巨灵	鬥魂巨靈	Verwegener Gigas	Gigas osado	Gigas téméraire	Gigas temerario	Brawurowy gigas	Gigas Afrontoso	Лихой великан	Cüretkar Gigas
2	Jotun of Evil B	魔のヘカトンケイル	마의 헤카톤케일	魔之百臂巨人	魔力百臂巨人	Jotun des Bösen	Jotun del mal	Jötunn du mal	Jotun del male	Jotun zła	Jotun do Mal	Йотун зла	Kötülük Jotunu
2	Obsessive Sand	執着の砂時計	집착의 모래시계	执着沙漏	執著沙漏	Obsessiver Sand	Arena obsesiva	Sable obsédé	Sabbia ossessiva	Obsesyjny piasek	Areia Obsessiva	Навязчивый песок	Takıntılı Kum
2	Comeback Castle	背水の城	배수의 성	背水之城	背水城堡	Königsburg	Castillo remontado	Château de la Remontée	Castello del ritorno	Zamek powrotu	Castelo da Virada	Замок возвращения	Geri Dönüş Kalesi
2	Mage Soldier	突撃の魔法兵	돌격의 마법병	突击之魔法兵	突擊魔法兵	Magiersoldat	Soldado mago	Mage impérial	Soldato mago	Mag-żołnierz	Soldado Mago	Солдат-маг	Büyücü Asker
2	Foot Soldier	突撃の歩兵	돌격의 보병	突击之步兵	突擊步兵	Fußsoldat	Soldado raso	Fantassin	Fante	Piechur	Soldado Raso	Солдат-пехотинец	Piyade Eri
2	Overseer of Creation	万物の測量者	만물의 측량자	万物测量者	萬物測量者	Wächter der Schöpfung	Observador de la creación	Superviseur de la Création	Garante della creazione	Nadzorca stworzenia	Supervisor da Criação	Надзиратель создания	Yaradılışın Müfettişi
2	Appropriating Noble	搾取の貴人	착취의 귀인	剥削之贵族	剝削的貴族	Anmaßender Adliger	Apropiación nobiliaria	Noble de l'Appropriation	Nobile avido	Złodziejski szlachcic	Nobre Apropriador	Присваивающая знать	Sahiplenici Soylu
2	Invasive Serpent	侵略のサーペント	침략의 서펀트	侵略之巨蛇	侵略大蛇	Aggressorschlange	Serpiente invasiva	Serpent envahissant	Serpente aggressivo	Inwazyjny wąż	Serpente Invasiva	Змий вмешательства	İstilacı Yılan
2	High Judge of Hell	奈落の最高裁判長	나락의 최고재판장	奈落最高审判长	地獄大法官	Hoher Höllenrichter	Juez del infierno supremo	Haut-Juge de l'Enfer	Giudice supremo infernale	Najwyższy sędzia piekieł	Juiz do Inferno	Верховный судья ада	Cehennemin Yüksek Yargıcı
2	Cultist of Death	死の教祖	죽음의 교주	死亡教祖	死之教祖	Todeskultist	Sectario de la muerte	Fidèle de la Mort	Seguace della Morte	Kultysta śmierci	Devoto da Morte	Культист смерти	Ölüm Tarikatçısı
2	Hedonistic Sinner	愉悦の大罪人	유열의 대죄인	愉悦之重犯	愉悅大罪人	Hedonistischer Sünder	Pecador hedonista	Pécheur hédoniste	Peccatore edonista	Hedonistyczny grzesznik	Pecador Hedonista	Грешник-гедонист	Hazcı Günahkar
2	Genocidal Mercenary	絶滅請負人	절멸 청부인	灭绝代理人	滅絕代行者	Blutraschsöldner	Mercenario genocida	Mercenaire génocidaire	Mercenario genocida	Najemnik ludobójca	Mercenário Genocida	Наемник для геноцида	Soykırımcı Paralı Asker
2	Divine Mother B	ディバインマザー	디바인 마더	神圣之母	神聖之母	Himmlische Mutter	Madre divina	Mère divine	Madre divina	Boska matka	Mãe Divina	Богоподобная матерь	İlahi Anne
2	Tenjin Musha C	天神の武者	천신의 무사	天神之武者	天神武者	Tenjin Musha	Tenjin musha	Tenjin Musha	Tenjin Musha	Tenjin Musha	Tenjin Musha	Самурай Тэндзин	Tenjin Musha
2	Resolved Checkmate	立志の王手	입지의 장군	立志之王手	立志的王手	Beschlossenes Schachmatt	Jaque mate decidido	Échec et mat résolu	Scacco matto risoluto	Stanowczy szach-mat	Xeque-mate Firme	Решительный шах и мат	Azimli Şah Mat
2	Yearning Checkmate	大望の王手	대망의 장군	大望之王手	厚望的王手	Sehnendes Schachmatt	Jaque mate ansioso	Échec et mat de désir	Scacco matto bramoso	Stęskniony szach-mat	Xeque-mate Anelante	Тоскующий шах и мат	Arzulu Şah Mat
2	Ardent Checkmate	熱意の王手	열의의 장군	热意之王手	熱情的王手	Feuriges Schachmatt	Jaque mate ardiente	Échec et mat ardent	Scacco matto ardente	Gorliwy szach-mat	Xeque-mate Ardente	Пылкий шах и мат	Şevkli Şah Mat
2	Majestic Checkmate	高邁の王手	고매의 장군	脱俗之王手	崇高的王手	Majestätisches Schachmatt	Jaque mate majestuoso	Échec et mat majestueux	Scacco matto maestoso	Majestatyczny szach-mat	Xeque-mate Majestoso	Величественный шах и мат	Heybetli Şah Mat
2	Dignified Checkmate	矜持の王手	긍지의 장군	矜持之王手	矜持的王手	Würdiges Schachmatt	Jaque mate solemne	Échec et mat digne	Scacco matto solenne	Dostojny szach-mat	Xeque-mate Digno	Достойный шах и мат	Ağırbaşlı Şah Mat
2	Bold Checkmate	気概の王手	기개의 장군	气概之王手	氣概的王手	Kühnes Schachmatt	Jaque mate atrevido	Échec et mat audacieux	Scacco matto audace	Śmiały szach-mat	Xeque-mate Audaz	Дерзкий шах и мах	Cesur Şah Mat
2	Reticent Checkmate	克己の王手	극기의 장군	克己之王手	克己的王手	Stilles Schachmatt	Jaque mate reticente	Échec et mat réticent	Scacco matto reticente	Powściągliwy szach-mat	Xeque-mate Reticente	Сдержанный шах и мат	Ketum Şah Mat
2	Principled Checkmate	理念の王手	이념의 장군	理念之王手	理念的王手	Strenges Schachmatt	Jaque mate ejemplar	Échec et mat raisonné	Scacco matto di principio	Zasadniczy szach-mat	Xeque-mate Honrado	Принципиальный шах и мат	Prensipli Şah Mat
2	Dutiful Checkmate	使命の王手	사명의 장군	使命之王手	使命的王手	Pflichtbewusstes Schachmatt	Jaque mate obediente	Échec et mat consciencieux	Scacco matto diligente	Sumienny szach-mat	Xeque-mate Obediente	Исполнительный шах и мат	Saygılı Şah Mat
2	Final Checkmate	成就の王手	성취의 장군	成就之王手	成就的王手	Finales Schachmatt	Jaque mate final	Échec et mat final	Scacco matto finale	Ostateczny szach-mat	Xeque-mate Final	Финальный шах и мат	Son Şah Mat
0	未使用	未使用	미사용	未使用	未使用	未使用	未使用	未使用	未使用	未使用	未使用	未使用	未使用
0	未使用	未使用	미사용	未使用	未使用	未使用	未使用	未使用	未使用	未使用	未使用	未使用	未使用
0	未使用	未使用	미사용	未使用	未使用	未使用	未使用	未使用	未使用	未使用	未使用	未使用	未使用
0	未使用	未使用	미사용	未使用	未使用	未使用	未使用	未使用	未使用	未使用	未使用	未使用	未使用
0	未使用	未使用	미사용	未使用	未使用	未使用	未使用	未使用	未使用	未使用	未使用	未使用	未使用
0	未使用	未使用	미사용	未使用	未使用	未使用	未使用	未使用	未使用	未使用	未使用	未使用	未使用
0	未使用	未使用	미사용	未使用	未使用	未使用	未使用	未使用	未使用	未使用	未使用	未使用	未使用
0	未使用	未使用	미사용	未使用	未使用	未使用	未使用	未使用	未使用	未使用	未使用	未使用	未使用
0	未使用	未使用	미사용	未使用	未使用	未使用	未使用	未使用	未使用	未使用	未使用	未使用	未使用
0	未使用	未使用	미사용	未使用	未使用	未使用	未使用	未使用	未使用	未使用	未使用	未使用	未使用
0	未使用	未使用	미사용	未使用	未使用	未使用	未使用	未使用	未使用	未使用	未使用	未使用	未使用
0	未使用	未使用	미사용	未使用	未使用	未使用	未使用	未使用	未使用	未使用	未使用	未使用	未使用
0	未使用	未使用	미사용	未使用	未使用	未使用	未使用	未使用	未使用	未使用	未使用	未使用	未使用
0	未使用	未使用	미사용	未使用	未使用	未使用	未使用	未使用	未使用	未使用	未使用	未使用	未使用
0	未使用	未使用	미사용	未使用	未使用	未使用	未使用	未使用	未使用	未使用	未使用	未使用	未使用
0	未使用	未使用	미사용	未使用	未使用	未使用	未使用	未使用	未使用	未使用	未使用	未使用	未使用
0	未使用	未使用	미사용	未使用	未使用	未使用	未使用	未使用	未使用	未使用	未使用	未使用	未使用
0	未使用	未使用	미사용	未使用	未使用	未使用	未使用	未使用	未使用	未使用	未使用	未使用	未使用
0	未使用	未使用	미사용	未使用	未使用	未使用	未使用	未使用	未使用	未使用	未使用	未使用	未使用
0	未使用	未使用	미사용	未使用	未使用	未使用	未使用	未使用	未使用	未使用	未使用	未使用	未使用
0	未使用	未使用	미사용	未使用	未使用	未使用	未使用	未使用	未使用	未使用	未使用	未使用	未使用
0	未使用	未使用	미사용	未使用	未使用	未使用	未使用	未使用	未使用	未使用	未使用	未使用	未使用
0	未使用	未使用	미사용	未使用	未使用	未使用	未使用	未使用	未使用	未使用	未使用	未使用	未使用
0	未使用	未使用	미사용	未使用	未使用	未使用	未使用	未使用	未使用	未使用	未使用	未使用	未使用
0	未使用	未使用	미사용	未使用	未使用	未使用	未使用	未使用	未使用	未使用	未使用	未使用	未使用
0	未使用	未使用	미사용	未使用	未使用	未使用	未使用	未使用	未使用	未使用	未使用	未使用	未使用
0	未使用	未使用	미사용	未使用	未使用	未使用	未使用	未使用	未使用	未使用	未使用	未使用	未使用
0	未使用	未使用	미사용	未使用	未使用	未使用	未使用	未使用	未使用	未使用	未使用	未使用	未使用
0	未使用	未使用	미사용	未使用	未使用	未使用	未使用	未使用	未使用	未使用	未使用	未使用	未使用
0	未使用	未使用	미사용	未使用	未使用	未使用	未使用	未使用	未使用	未使用	未使用	未使用	未使用
0	未使用	未使用	미사용	未使用	未使用	未使用	未使用	未使用	未使用	未使用	未使用	未使用	未使用
0	未使用	未使用	미사용	未使用	未使用	未使用	未使用	未使用	未使用	未使用	未使用	未使用	未使用
0	未使用	未使用	미사용	未使用	未使用	未使用	未使用	未使用	未使用	未使用	未使用	未使用	未使用
0	未使用	未使用	미사용	未使用	未使用	未使用	未使用	未使用	未使用	未使用	未使用	未使用	未使用
0	未使用	未使用	미사용	未使用	未使用	未使用	未使用	未使用	未使用	未使用	未使用	未使用	未使用
0	未使用	未使用	미사용	未使用	未使用	未使用	未使用	未使用	未使用	未使用	未使用	未使用	未使用
0	未使用	未使用	미사용	未使用	未使用	未使用	未使用	未使用	未使用	未使用	未使用	未使用	未使用
0	未使用	未使用	미사용	未使用	未使用	未使用	未使用	未使用	未使用	未使用	未使用	未使用	未使用
3	Elizabeth	エリザベス	엘리자베스	伊莉莎白	伊麗莎白	Elizabeth	Elizabeth	Elizabeth	Elizabeth	Elizabeth	Elizabeth	Элизабет	Elizabeth
3	Elizabeth	エリザベス	엘리자베스	伊莉莎白	伊麗莎白	Elizabeth	Elizabeth	Elizabeth	Elizabeth	Elizabeth	Elizabeth	Элизабет	Elizabeth
3	Elizabeth	エリザベス	엘리자베스	伊莉莎白	伊麗莎白	Elizabeth	Elizabeth	Elizabeth	Elizabeth	Elizabeth	Elizabeth	Элизабет	Elizabeth
3	Elizabeth	エリザベス	엘리자베스	伊莉莎白	伊麗莎白	Elizabeth	Elizabeth	Elizabeth	Elizabeth	Elizabeth	Elizabeth	Элизабет	Elizabeth
3	Elizabeth	エリザベス	엘리자베스	伊莉莎白	伊麗莎白	Elizabeth	Elizabeth	Elizabeth	Elizabeth	Elizabeth	Elizabeth	Элизабет	Elizabeth
3	Elizabeth	エリザベス	엘리자베스	伊莉莎白	伊麗莎白	Elizabeth	Elizabeth	Elizabeth	Elizabeth	Elizabeth	Elizabeth	Элизабет	Elizabeth
3	Elizabeth	エリザベス	엘리자베스	伊莉莎白	伊麗莎白	Elizabeth	Elizabeth	Elizabeth	Elizabeth	Elizabeth	Elizabeth	Элизабет	Elizabeth
3	Elizabeth	エリザベス	엘리자베스	伊莉莎白	伊麗莎白	Elizabeth	Elizabeth	Elizabeth	Elizabeth	Elizabeth	Elizabeth	Элизабет	Elizabeth
3	Elizabeth	エリザベス	엘리자베스	伊莉莎白	伊麗莎白	Elizabeth	Elizabeth	Elizabeth	Elizabeth	Elizabeth	Elizabeth	Элизабет	Elizabeth
3	Elizabeth	エリザベス	엘리자베스	伊莉莎白	伊麗莎白	Elizabeth	Elizabeth	Elizabeth	Elizabeth	Elizabeth	Elizabeth	Элизабет	Elizabeth
0	未使用	未使用	미사용	未使用	未使用	未使用	未使用	未使用	未使用	未使用	未使用	未使用	未使用
0	未使用	未使用	미사용	未使用	未使用	未使用	未使用	未使用	未使用	未使用	未使用	未使用	未使用
0	未使用	未使用	미사용	未使用	未使用	未使用	未使用	未使用	未使用	未使用	未使用	未使用	未使用
0	未使用	未使用	미사용	未使用	未使用	未使用	未使用	未使用	未使用	未使用	未使用	未使用	未使用
0	未使用	未使用	미사용	未使用	未使用	未使用	未使用	未使用	未使用	未使用	未使用	未使用	未使用
0	未使用	未使用	미사용	未使用	未使用	未使用	未使用	未使用	未使用	未使用	未使用	未使用	未使用
0	未使用	未使用	미사용	未使用	未使用	未使用	未使用	未使用	未使用	未使用	未使用	未使用	未使用
0	未使用	未使用	미사용	未使用	未使用	未使用	未使用	未使用	未使用	未使用	未使用	未使用	未使用
0	未使用	未使用	미사용	未使用	未使用	未使用	未使用	未使用	未使用	未使用	未使用	未使用	未使用
0	未使用	未使用	미사용	未使用	未使用	未使用	未使用	未使用	未使用	未使用	未使用	未使用	未使用
2	Tranquil Idol B	静寂のマリア	정적의 마리아	寂静之圣母	寂靜聖母	Stille Götze	Ídolo sereno	Idole sereine	Idolo placido	Spokojny bożek	Ídolo Sereno	Идол спокойствия	Sakin Put
2	Flowing Sand B	時の砂時計	시간의 모래시계	时间沙漏	時間沙漏	Fließender Sand	Arena que fluye	Sable du temps	Sabbia fluida	Płynący piasek	Areia Corrente	Текущий песок	Akan Kum
2	Terror Dice	恐怖のダイス	공포의 다이스	恐惧之骰	恐懼骰子	Schreckenswürfel	Dado del terror	Dé de terreur	Dado del terrore	Kość terroru	Dado do Terror	Кости ужаса	Dehşet Zarı
2	Elegant Mother C	イデアマザー	이데아 마더	理念之母	理念之母	Elegante Mutter	Madre elegante	Mère élégante	Madre elegante	Elegancka matka	Mãe Elegante	Элегантная матерь	Şık Anne
2	Phantom Mage B	ファントムメイジ	팬텀 메이지	魅影法师	魅影法師	Phantommagier	Mago fantasmal	Mage fantôme	Mago fantasma	Widmowy mag	Mago Fantasmagórico	Призрачный маг	Hayalet Büyücü
2	Red Sigil B	赤のシジル	붉은 시지르	赤之法印	紅印記	Rotes Siegel	Sello rojo	Sceau rouge	Sigillo rosso	Czerwona pieczęć	Sigilo Vermelho	Красный сигил	Kırmızı Mühür
2	Nemean Beast B	ネメアンアニマル	네메안 애니멀	尼米亚之兽	尼米亞獅	Nemean-Bestie	Bestia Nemea	Bête de Némée	Bestia di Nemea	Nemeańska bestia	Fera de Nemeia	Немейский зверь	Nemea Canavarı
2	Eternal Eagle B	エターナルイーグル	이터널 이글	永恒之鹰	永恆之鷹	Ewiger Adler	Águila eterna	Aigle éternel	Aquila eterna	Wieczny orzeł	Águia Eterna	Орел вечности	Ebedi Kartal
2	Chaos Cyclops B	混沌のキュクロプス	혼돈의 키클롭스	混沌独眼巨人	混沌獨眼巨人	Chaos-Zyklop	Cíclope del caos	Cyclope chaotique	Ciclope caotico	Cyklop chaosu	Ciclope Caótico	Циклоп хаоса	Kaos Tepegöz
2	Judgment Sword B	判決の剣	판결의 검	裁决之剑	判決之劍	Schwert des Urteils	Espada del juicio	Épée du jugement	Spada del giudizio	Miecz sądu	Espada do Julgamento	Меч суда	Karar Kılıcı
2	Minotaur III B	ミノタウロス参号	미노타우로스 3호	牛头人三号	牛頭人三號	Minotaur III	Minotauro III	Minotaure III	Minotauro III	Minotaur III	Minotauro III	Минотавр III	III. Minotor
2	Grand Magus B	グランドマグス	그랜드 마구스	伟大术士	偉大魔術師	Grand Magus	Gran mago	Grand mage	Mago supremo	Wielki mędrzec	Magus Grandioso	Великий маг	Büyük Büyücü
2	Crazy Twins B	クレイジーツインズ	크레이지 트윈스	疯狂之双子	瘋狂雙胞胎	Irre Zwillinge	Gemelos locos	Jumeaux déments	Gemelli folli	Szalone bliźnięta	Gêmeos Loucos	Близнецы безумия	Deli İkizler
2	Emperor Beetle B	帝王蟲	제왕충	帝王虫	帝王蟲	Kaiserkäfer	Escarabajo emperador	Scarabée empereur	Coleottero regnante	Żuk-cesarz	Besouro Imperador	Жук-император	İmparator Böcek
2	Death Castle B	デスキャッスル	데스 캐슬	死亡城堡	死亡城堡	Todesburg	Castillo de la muerte	Château funeste	Castello mortale	Zamek śmierci	Castelo da Morte	Замок смерти	Ölüm Kalesi
2	World Balance B	全能のバランサー	전능의 밸런서	全能天秤	全能天秤	Weltwaage	Equilibrio mundial	Balance terrestre	Bilancia del mondo	Balans świata	Balança Terrestre	Баланс миров	Dünya Dengesi
2	Eternal Sand B	永遠の砂時計	영원의 모래시계	永恒沙漏	永恆沙漏	Ewiger Sand	Arena eterna	Sable éternel	Sabbia eterna	Wieczny piasek	Areia Eterna	Вечный песок	Ebedi Kum
2	Void Giant B	無の巨人	무의 거인	空无之巨人	無之巨人	Gigant der Leere	Gigante del vacío	Géant du vide	Gigante del vuoto	Gigant pustki	Gigante do Vazio	Гигант пустоты	Boşluk Devi
2	Rampage Drive C	バスタードライブ	버스터 드라이브	爆裂装置	炸裂驅力	Tobender Streitwagen	Vehículo desmadrado	Char violent	Vettura furiosa	Szaleńczy robot	Ímpeto Destruidor	Робот буйства	Öfkeli Sürücü
2	Vehement Idol C	狂乱のマリア	광란의 마리아	狂乱之圣母	狂亂聖母	Wilde Götze	Ídolo vehemente	Idole véhémente	Idolo veemente	Gorliwy bożek	Ídolo Veemente	Идол неистовства	Hiddetli Put
2	Phantom King B	ファントムキング	팬텀 킹	魅影之王	魅影之王	Phantomkönig	Rey fantasmal	Roi fantôme	Monarca fantasma	Widmowy król	Rei Fantasmagórico	Призрачный король	Hayalet Kralı
2	Fanatic Tower B	狂信の塔	광신의 탑	狂信之塔	狂信之塔	Turm der Besessenheit	Torre fanática	Tour fanatique	Torre fanatica	Fanatyczna wieża	Torre Fanática	Башня фанатизма	Bağnaz Kule
2	Reckoning Dice B	天罰のダイス	천벌의 다이스	天罚之骰	天譴骰子	Rachewürfel	Dado del juicio final	Dé du jugement	Dado del giudizio	Kość rozrachunku	Dado da Punição	Кости расплаты	Hesaplaşma Zarı
2	Intrepid Knight C	不屈の騎士	불굴의 기사	不屈之骑士	不屈騎士	Kühner Ritter	Caballero intrépido	Chevalier intrépide	Cavaliere intrepido	Nieustraszony rycerz	Cavaleiro Intrépido	Отважный рыцарь	Korkusuz Şövalye
0	未使用	未使用	미사용	未使用	未使用	未使用	未使用	未使用	未使用	未使用	未使用	未使用	未使用
0	未使用	未使用	미사용	未使用	未使用	未使用	未使用	未使用	未使用	未使用	未使用	未使用	未使用
0	未使用	未使用	미사용	未使用	未使用	未使用	未使用	未使用	未使用	未使用	未使用	未使用	未使用
0	未使用	未使用	미사용	未使用	未使用	未使用	未使用	未使用	未使用	未使用	未使用	未使用	未使用
0	未使用	未使用	미사용	未使用	未使用	未使用	未使用	未使用	未使用	未使用	未使用	未使用	未使用
0	未使用	未使用	미사용	未使用	未使用	未使用	未使用	未使用	未使用	未使用	未使用	未使用	未使用
0	未使用	未使用	미사용	未使用	未使用	未使用	未使用	未使用	未使用	未使用	未使用	未使用	未使用
0	未使用	未使用	미사용	未使用	未使用	未使用	未使用	未使用	未使用	未使用	未使用	未使用	未使用
0	未使用	未使用	미사용	未使用	未使用	未使用	未使用	未使用	未使用	未使用	未使用	未使用	未使用
0	未使用	未使用	미사용	未使用	未使用	未使用	未使用	未使用	未使用	未使用	未使用	未使用	未使用
0	未使用	未使用	미사용	未使用	未使用	未使用	未使用	未使用	未使用	未使用	未使用	未使用	未使用
0	未使用	未使用	미사용	未使用	未使用	未使用	未使用	未使用	未使用	未使用	未使用	未使用	未使用
0	未使用	未使用	미사용	未使用	未使用	未使用	未使用	未使用	未使用	未使用	未使用	未使用	未使用
0	未使用	未使用	미사용	未使用	未使用	未使用	未使用	未使用	未使用	未使用	未使用	未使用	未使用
0	未使用	未使用	미사용	未使用	未使用	未使用	未使用	未使用	未使用	未使用	未使用	未使用	未使用
0	未使用	未使用	미사용	未使用	未使用	未使用	未使用	未使用	未使用	未使用	未使用	未使用	未使用
0	未使用	未使用	미사용	未使用	未使用	未使用	未使用	未使用	未使用	未使用	未使用	未使用	未使用
0	未使用	未使用	미사용	未使用	未使用	未使用	未使用	未使用	未使用	未使用	未使用	未使用	未使用
0	未使用	未使用	미사용	未使用	未使用	未使用	未使用	未使用	未使用	未使用	未使用	未使用	未使用
0	未使用	未使用	미사용	未使用	未使用	未使用	未使用	未使用	未使用	未使用	未使用	未使用	未使用
0	未使用	未使用	미사용	未使用	未使用	未使用	未使用	未使用	未使用	未使用	未使用	未使用	未使用
0	未使用	未使用	미사용	未使用	未使用	未使用	未使用	未使用	未使用	未使用	未使用	未使用	未使用
0	未使用	未使用	미사용	未使用	未使用	未使用	未使用	未使用	未使用	未使用	未使用	未使用	未使用
0	未使用	未使用	미사용	未使用	未使用	未使用	未使用	未使用	未使用	未使用	未使用	未使用	未使用
0	未使用	未使用	미사용	未使用	未使用	未使用	未使用	未使用	未使用	未使用	未使用	未使用	未使用
0	未使用	未使用	미사용	未使用	未使用	未使用	未使用	未使用	未使用	未使用	未使用	未使用	未使用
0	未使用	未使用	미사용	未使用	未使用	未使用	未使用	未使用	未使用	未使用	未使用	未使用	未使用
0	未使用	未使用	미사용	未使用	未使用	未使用	未使用	未使用	未使用	未使用	未使用	未使用	未使用
0	未使用	未使用	미사용	未使用	未使用	未使用	未使用	未使用	未使用	未使用	未使用	未使用	未使用
0	未使用	未使用	미사용	未使用	未使用	未使用	未使用	未使用	未使用	未使用	未使用	未使用	未使用
0	未使用	未使用	미사용	未使用	未使用	未使用	未使用	未使用	未使用	未使用	未使用	未使用	未使用
0	未使用	未使用	미사용	未使用	未使用	未使用	未使用	未使用	未使用	未使用	未使用	未使用	未使用
0	未使用	未使用	미사용	未使用	未使用	未使用	未使用	未使用	未使用	未使用	未使用	未使用	未使用
0	未使用	未使用	미사용	未使用	未使用	未使用	未使用	未使用	未使用	未使用	未使用	未使用	未使用
0	未使用	未使用	미사용	未使用	未使用	未使用	未使用	未使用	未使用	未使用	未使用	未使用	未使用
0	未使用	未使用	미사용	未使用	未使用	未使用	未使用	未使用	未使用	未使用	未使用	未使用	未使用
0	未使用	未使用	미사용	未使用	未使用	未使用	未使用	未使用	未使用	未使用	未使用	未使用	未使用
0	未使用	未使用	미사용	未使用	未使用	未使用	未使用	未使用	未使用	未使用	未使用	未使用	未使用
0	未使用	未使用	미사용	未使用	未使用	未使用	未使用	未使用	未使用	未使用	未使用	未使用	未使用
0	未使用	未使用	미사용	未使用	未使用	未使用	未使用	未使用	未使用	未使用	未使用	未使用	未使用
0	未使用	未使用	미사용	未使用	未使用	未使用	未使用	未使用	未使用	未使用	未使用	未使用	未使用
0	未使用	未使用	미사용	未使用	未使用	未使用	未使用	未使用	未使用	未使用	未使用	未使用	未使用
0	未使用	未使用	미사용	未使用	未使用	未使用	未使用	未使用	未使用	未使用	未使用	未使用	未使用
0	未使用	未使用	미사용	未使用	未使用	未使用	未使用	未使用	未使用	未使用	未使用	未使用	未使用
0	未使用	未使用	미사용	未使用	未使用	未使用	未使用	未使用	未使用	未使用	未使用	未使用	未使用
0	未使用	未使用	미사용	未使用	未使用	未使用	未使用	未使用	未使用	未使用	未使用	未使用	未使用
0	未使用	未使用	미사용	未使用	未使用	未使用	未使用	未使用	未使用	未使用	未使用	未使用	未使用
0	未使用	未使用	미사용	未使用	未使用	未使用	未使用	未使用	未使用	未使用	未使用	未使用	未使用
0	未使用	未使用	미사용	未使用	未使用	未使用	未使用	未使用	未使用	未使用	未使用	未使用	未使用
0	未使用	未使用	미사용	未使用	未使用	未使用	未使用	未使用	未使用	未使用	未使用	未使用	未使用
0	未使用	未使用	미사용	未使用	未使用	未使用	未使用	未使用	未使用	未使用	未使用	未使用	未使用
0	未使用	未使用	미사용	未使用	未使用	未使用	未使用	未使用	未使用	未使用	未使用	未使用	未使用
0	未使用	未使用	미사용	未使用	未使用	未使用	未使用	未使用	未使用	未使用	未使用	未使用	未使用
0	未使用	未使用	미사용	未使用	未使用	未使用	未使用	未使用	未使用	未使用	未使用	未使用	未使用
0	未使用	未使用	미사용	未使用	未使用	未使用	未使用	未使用	未使用	未使用	未使用	未使用	未使用
0	未使用	未使用	미사용	未使用	未使用	未使用	未使用	未使用	未使用	未使用	未使用	未使用	未使用
0	未使用	未使用	미사용	未使用	未使用	未使用	未使用	未使用	未使用	未使用	未使用	未使用	未使用
