en	1
Raidou	0
Pyro Jack	1
Oshichi	1
Gdon	1
Muspell	1
Sati	1
Throne	1
Hitokotonusi	1
Belial	1
Jubokko	1
Azumi	1
Jack Frost	1
Tarrasque	1
Ukobach	1
Arahabaki	1
Raja Naga	1
Ouyamatsumi	1
Oukuninushi	1
Orochi	1
Raiju	1
Oboroguruma	1
Nue	1
Tsuchigumo	1
Oumitsunu	1
Parvati	1
Mishaguji	1
Thor	1
Agathion	1
Moh Shuvuu	1
Poltergeist	1
Feng Huang	1
Kurama	1
Power	1
Legion	1
Ichimokuren	1
Anzu	1
Sandalphon	1
Obariyon	1
Oni	1
Turdak	1
Lamia	1
Ikusa	1
Rakshasa	1
Triglav	1
Chernobog	1
Cerberus	1
Shouten	1
Siegfried	1
Susano-o	1
Gashadokuro	1
Ghoul	1
Utai-gaikotsu	1
Alp	1
Mokoi	1
Okiku-mushi	1
Incubus	1
Lilith	1
Nebiros	1
Beelzebub	1
Leanan Sidhe	1
Ippon-datara	1
Thoth	1
Futsunushi	1
Nagasunehiko	1
Scathach	1
Kudan	1
Raiho	1
Nekomata	1
Abihiko	1
Alice	1
Yoshitsune	1
Orthrus	1
Legion	1
Legion	1
Legion	1
Legion	1
0x04C	0
0x04D	0
0x04E	0
0x04F	0
0x050	0
Pyro Jack	1
Oshichi	1
Gdon	1
Muspell	1
Sati	1
Throne	1
Hitokotonusi	1
Belial	1
Jubokko	1
Azumi	1
Jack Frost	1
Tarrasque	1
Ukobach	1
Arahabaki	1
Raja Naga	1
Ouyamatsumi	1
Oukuninushi	1
Orochi	1
Raiju	1
Oboroguruma	1
Nue	1
Tsuchigumo	1
Oumitsunu	1
Parvati	1
Mishaguji	1
Thor	1
Agathion	1
Moh Shuvuu	1
Poltergeist	1
Feng Huang	1
Kurama	1
Power	1
Legion	1
Ichimokuren	1
Anzu	1
Sandalphon	1
Obariyon	1
Oni	1
Turdak	1
Lamia	1
Ikusa	1
Rakshasa	1
Triglav	1
Chernobog	1
Cerberus	1
Shouten	1
Siegfried	1
Susano-o	1
Gashadokuro	1
Ghoul	1
Utai-gaikotsu	1
Alp	1
Mokoi	1
Okiku-mushi	1
Incubus	1
Lilith	1
Nebiros	1
Beelzebub	1
Leanan Sidhe	1
Ippon-datara	1
Thoth	1
Futsunushi	1
Nagasunehiko	1
Scathach	1
Kudan	1
Zombie	1
Zombie Lady	1
Zombie Guard	1
Zombie Officer	1
Nekomata	1
Ghoul	1
Hiruko	1
Raiho	1
Alice	1
Red Cape	1
Abihiko	1
Yoshitsune	1
Orthrus	1
0x09F	0
Zombie	1
Zombie	1
Ukobach	1
Okiku-mushi	1
Tarrasque	1
Gashadokuro	1
Turdak	1
Zombie Guard	1
Chernobog	1
Chernobog	1
Triglav	1
Anzu	1
Zombie Officer	1
Hiruko	1
Oumitsunu	1
Raiju	1
Orochi	1
Jack Frost	1
Susano-o	1
Pyro Jack	1
Arahabaki	1
Ouyamatsumi	1
Power	1
Oboroguruma	1
Okiku-mushi	1
Triglav	1
Zombie Guard	1
Nue	1
Shikimi no Kage	1
Shikimi no Kage	1
Shikimi no Kage	1
Shikimi no Kage	1
Shikimi no Kage	1
Shikimi no Kage	1
Shikimi no Kage	1
Shikimi no Kage	1
Shikimi no Kage	1
Shikimi no Kage	1
Shikimi no Kage	1
Shikimi no Kage	1
Shikimi no Kage	1
Shikimi no Kage	1
Shikimi no Kage	1
Shikimi no Kage	1
Shikimi no Kage	1
Shikimi no Kage	1
Shikimi no Kage	1
Shikimi no Kage	1
Shikimi no Kage	1
Shikimi no Kage	1
Shikimi no Kage	1
Shikimi no Kage	1
Shikimi no Kage	1
Utai-gaikotsu	1
Shouten	1
Muspell	1
Muspell	1
Zombie Officer	1
Zombie Officer	1
Hiruko	1
Jubokko	1
Ippon-datara	1
Oni	1
Nue	1
Utai-gaikotsu	1
Nekomata	1
Obariyon	1
Ikusa	1
Gashadokuro	1
Kurama	1
Jubokko	1
Ukobach	1
Nebiros	1
Zombie	1
Parvati	1
Ouyamatsumi	1
Lilith	1
Zombie	1
0x0EE	0
0x0EF	0
Narumi	1
Raidou	1
Arahabaki	1
Lilith	1
Rakshasa	1
0x0F5	0
0x0F6	0
0x0F7	0
0x0F8	0
0x0F9	0
0x0FA	0
0x0FB	0
0x0FC	0
0x0FD	0
0x0FE	0
0x0FF	0
0x100	0
Presence within Kaya	1
Yasomagatsu	1
Yasomagatsu	1
Yasomagatsu	1
Matryoshka	1
Rasputin	1
Matryoshka	1
Nebiros	1
Yasomagatsu	1
Yasomagatsu	1
Mishaguji	1
Nagasunehiko	1
Abihiko	1
Gangster	1
Yakuza	1
Red Cape	1
Red Cape	1
Red Cape	1
Yomi-kugutsu	1
Yomi-kugutsu	1
Yomi-kugutsu	1
???	0
???	0
???	0
???	0
Yomi-kugutsu	1
Yomi-kugutsu	1
Yomi-kugutsu	1
Hitokotonusi	1
Hitokotonusi	1
Hitokotonusi	1
Hitokotonusi	1
Hitokotonusi	1
Ichimokuren	1
Sukuna-hikona	1
Tai-itsu Core	1
Tsuchigumo	1
Defense System	1
Defense System	1
Defense System	1
Ichimokuren	1
Turdak	1
Red Cape	1
Rasputin	1
Matryoshka	1
Matryoshka	1
Triglav	1
Abihiko	1
Nagasunehiko	1
Hitokotonusi	1
Hitokotonusi	1
Hitokotonusi	1
Hitokotonusi	1
Mishaguji	1
Yomi-kugutsu	1
Yasomagatsu(R)	1
Yasomagatsu(L)	1
Yasomagatsu	1
Yasomagatsu	1
0x13C	0
0x13D	0
0x13E	0
0x13F	0
Ichimokuren SE	1
Boss SE Reserve	1
Boss SE Reserve	1
Boss SE Reserve	1
Boss SE Reserve	1
Boss SE Reserve	1
Boss SE Reserve	1
Boss SE Reserve	1
Boss SE Reserve	1
Boss SE Reserve	1
Boss SE Reserve	1
Boss SE Reserve	1
Boss SE Reserve	1
Boss SE Reserve	1
Boss SE Reserve	1
Boss SE Reserve	1
